"pokemonId","moveName"
"2-n1","たいあたり"
"2-n1","なきごえ"
"2-n1","つるのムチ"
"2-n1","やどりぎのタネ"
"2-n1","どくのこな"
"2-n1","ねむりごな"
"2-n1","とっしん"
"2-n1","はっぱカッター"
"2-n1","せいちょう"
"2-n1","すてみタックル"
"2-n1","ずつき"
"2-n1","ねむる"
"2-n1","ひかりのかべ"
"2-n1","まもる"
"2-n1","みがわり"
"2-n1","リフレクター"
"2-n1","からげんき"
"2-n1","どくどく"
"2-n1","げきりん"
"2-n1","ソーラービーム"
"2-n1","ヘドロばくだん"
"2-n1","メガドレイン"
"2-n2","たいあたり"
"2-n2","なきごえ"
"2-n2","やどりぎのタネ"
"2-n2","つるのムチ"
"2-n2","どくのこな"
"2-n2","ねむりごな"
"2-n2","とっしん"
"2-n2","はっぱカッター"
"2-n2","せいちょう"
"2-n2","すてみタックル"
"2-n2","ソーラービーム"
"2-n2","ずつき"
"2-n2","ねむる"
"2-n2","ひかりのかべ"
"2-n2","まもる"
"2-n2","みがわり"
"2-n2","リフレクター"
"2-n2","からげんき"
"2-n2","どくどく"
"2-n2","げきりん"
"2-n2","ヘドロばくだん"
"2-n2","メガドレイン"
"2-n3","はなびらのまい"
"2-n3","たいあたり"
"2-n3","なきごえ"
"2-n3","やどりぎのタネ"
"2-n3","つるのムチ"
"2-n3","ドわすれ"
"2-n3","パワーウィップ"
"2-n3","どくのこな"
"2-n3","ねむりごな"
"2-n3","とっしん"
"2-n3","はっぱカッター"
"2-n3","せいちょう"
"2-n3","すてみタックル"
"2-n3","ソーラービーム"
"2-n3","ずつき"
"2-n3","ねむる"
"2-n3","ひかりのかべ"
"2-n3","まもる"
"2-n3","みがわり"
"2-n3","リフレクター"
"2-n3","からげんき"
"2-n3","どくどく"
"2-n3","げきりん"
"2-n3","じしん"
"2-n3","はかいこうせん"
"2-n3","ヘドロばくだん"
"2-n3","メガドレイン"
"2-n3m","はなびらのまい"
"2-n3m","たいあたり"
"2-n3m","なきごえ"
"2-n3m","やどりぎのタネ"
"2-n3m","つるのムチ"
"2-n3m","ドわすれ"
"2-n3m","パワーウィップ"
"2-n3m","どくのこな"
"2-n3m","ねむりごな"
"2-n3m","とっしん"
"2-n3m","はっぱカッター"
"2-n3m","せいちょう"
"2-n3m","すてみタックル"
"2-n3m","ソーラービーム"
"2-n3m","ずつき"
"2-n3m","ねむる"
"2-n3m","ひかりのかべ"
"2-n3m","まもる"
"2-n3m","みがわり"
"2-n3m","リフレクター"
"2-n3m","からげんき"
"2-n3m","どくどく"
"2-n3m","げきりん"
"2-n3m","じしん"
"2-n3m","はかいこうせん"
"2-n3m","ヘドロばくだん"
"2-n3m","メガドレイン"
"2-n4","ひっかく"
"2-n4","なきごえ"
"2-n4","えんまく"
"2-n4","ひのこ"
"2-n4","みだれひっかき"
"2-n4","りゅうのいかり"
"2-n4","ほのおのうず"
"2-n4","きりさく"
"2-n4","かえんほうしゃ"
"2-n4","ずつき"
"2-n4","ねむる"
"2-n4","まもる"
"2-n4","みがわり"
"2-n4","リフレクター"
"2-n4","あなをほる"
"2-n4","おにび"
"2-n4","からげんき"
"2-n4","かわらわり"
"2-n4","ちきゅうなげ"
"2-n4","アイアンテール"
"2-n4","いわなだれ"
"2-n4","かみなりパンチ"
"2-n4","どくどく"
"2-n4","ほのおのパンチ"
"2-n4","りゅうのはどう"
"2-n4","げきりん"
"2-n4","だいもんじ"
"2-n5","ひっかく"
"2-n5","なきごえ"
"2-n5","ひのこ"
"2-n5","えんまく"
"2-n5","みだれひっかき"
"2-n5","りゅうのいかり"
"2-n5","ほのおのうず"
"2-n5","きりさく"
"2-n5","かえんほうしゃ"
"2-n5","ずつき"
"2-n5","ねむる"
"2-n5","まもる"
"2-n5","みがわり"
"2-n5","リフレクター"
"2-n5","あなをほる"
"2-n5","おにび"
"2-n5","からげんき"
"2-n5","かわらわり"
"2-n5","ちきゅうなげ"
"2-n5","アイアンテール"
"2-n5","いわなだれ"
"2-n5","かみなりパンチ"
"2-n5","どくどく"
"2-n5","ほのおのパンチ"
"2-n5","りゅうのはどう"
"2-n5","げきりん"
"2-n5","だいもんじ"
"2-n6","つばさでうつ"
"2-n6","ひっかく"
"2-n6","なきごえ"
"2-n6","ひのこ"
"2-n6","えんまく"
"2-n6","ねっぷう"
"2-n6","カウンター"
"2-n6","かみくだく"
"2-n6","みだれひっかき"
"2-n6","りゅうのいかり"
"2-n6","ほのおのうず"
"2-n6","きりさく"
"2-n6","かえんほうしゃ"
"2-n6","エアスラッシュ"
"2-n6","フレアドライブ"
"2-n6","ずつき"
"2-n6","ねむる"
"2-n6","まもる"
"2-n6","みがわり"
"2-n6","リフレクター"
"2-n6","あなをほる"
"2-n6","おにび"
"2-n6","からげんき"
"2-n6","かわらわり"
"2-n6","そらをとぶ"
"2-n6","ちきゅうなげ"
"2-n6","ドラゴンテール"
"2-n6","アイアンテール"
"2-n6","いわなだれ"
"2-n6","かみなりパンチ"
"2-n6","どくどく"
"2-n6","ほのおのパンチ"
"2-n6","りゅうのはどう"
"2-n6","げきりん"
"2-n6","じしん"
"2-n6","ソーラービーム"
"2-n6","だいもんじ"
"2-n6","はかいこうせん"
"2-n6","はねやすめ"
"2-n6x","つばさでうつ"
"2-n6x","ひっかく"
"2-n6x","なきごえ"
"2-n6x","ひのこ"
"2-n6x","えんまく"
"2-n6x","ねっぷう"
"2-n6x","カウンター"
"2-n6x","かみくだく"
"2-n6x","みだれひっかき"
"2-n6x","りゅうのいかり"
"2-n6x","ほのおのうず"
"2-n6x","きりさく"
"2-n6x","かえんほうしゃ"
"2-n6x","エアスラッシュ"
"2-n6x","フレアドライブ"
"2-n6x","ずつき"
"2-n6x","ねむる"
"2-n6x","まもる"
"2-n6x","みがわり"
"2-n6x","リフレクター"
"2-n6x","あなをほる"
"2-n6x","おにび"
"2-n6x","からげんき"
"2-n6x","かわらわり"
"2-n6x","そらをとぶ"
"2-n6x","ちきゅうなげ"
"2-n6x","ドラゴンテール"
"2-n6x","アイアンテール"
"2-n6x","いわなだれ"
"2-n6x","かみなりパンチ"
"2-n6x","どくどく"
"2-n6x","ほのおのパンチ"
"2-n6x","りゅうのはどう"
"2-n6x","げきりん"
"2-n6x","じしん"
"2-n6x","ソーラービーム"
"2-n6x","だいもんじ"
"2-n6x","はかいこうせん"
"2-n6x","はねやすめ"
"2-n6y","つばさでうつ"
"2-n6y","ひっかく"
"2-n6y","なきごえ"
"2-n6y","ひのこ"
"2-n6y","えんまく"
"2-n6y","ねっぷう"
"2-n6y","カウンター"
"2-n6y","かみくだく"
"2-n6y","みだれひっかき"
"2-n6y","りゅうのいかり"
"2-n6y","ほのおのうず"
"2-n6y","きりさく"
"2-n6y","かえんほうしゃ"
"2-n6y","エアスラッシュ"
"2-n6y","フレアドライブ"
"2-n6y","ずつき"
"2-n6y","ねむる"
"2-n6y","まもる"
"2-n6y","みがわり"
"2-n6y","リフレクター"
"2-n6y","あなをほる"
"2-n6y","おにび"
"2-n6y","からげんき"
"2-n6y","かわらわり"
"2-n6y","そらをとぶ"
"2-n6y","ちきゅうなげ"
"2-n6y","ドラゴンテール"
"2-n6y","アイアンテール"
"2-n6y","いわなだれ"
"2-n6y","かみなりパンチ"
"2-n6y","どくどく"
"2-n6y","ほのおのパンチ"
"2-n6y","りゅうのはどう"
"2-n6y","げきりん"
"2-n6y","じしん"
"2-n6y","ソーラービーム"
"2-n6y","だいもんじ"
"2-n6y","はかいこうせん"
"2-n6y","はねやすめ"
"2-n7","たいあたり"
"2-n7","しっぽをふる"
"2-n7","あわ"
"2-n7","からにこもる"
"2-n7","みずでっぽう"
"2-n7","かみつく"
"2-n7","バブルこうせん"
"2-n7","まもる"
"2-n7","ずつき"
"2-n7","ハイドロポンプ"
"2-n7","ロケットずつき"
"2-n7","ねむる"
"2-n7","みがわり"
"2-n7","リフレクター"
"2-n7","あなをほる"
"2-n7","からげんき"
"2-n7","かわらわり"
"2-n7","ちきゅうなげ"
"2-n7","アイアンテール"
"2-n7","いわなだれ"
"2-n7","たきのぼり"
"2-n7","どくどく"
"2-n7","ねっとう"
"2-n7","りゅうのはどう"
"2-n7","れいとうパンチ"
"2-n7","げきりん"
"2-n7","なみのり"
"2-n7","ふぶき"
"2-n7","れいとうビーム"
"2-n8","たいあたり"
"2-n8","しっぽをふる"
"2-n8","あわ"
"2-n8","からにこもる"
"2-n8","みずでっぽう"
"2-n8","かみつく"
"2-n8","バブルこうせん"
"2-n8","まもる"
"2-n8","ずつき"
"2-n8","ハイドロポンプ"
"2-n8","ロケットずつき"
"2-n8","ねむる"
"2-n8","みがわり"
"2-n8","リフレクター"
"2-n8","あなをほる"
"2-n8","からげんき"
"2-n8","かわらわり"
"2-n8","ちきゅうなげ"
"2-n8","アイアンテール"
"2-n8","いわなだれ"
"2-n8","たきのぼり"
"2-n8","どくどく"
"2-n8","ねっとう"
"2-n8","りゅうのはどう"
"2-n8","れいとうパンチ"
"2-n8","げきりん"
"2-n8","なみのり"
"2-n8","ふぶき"
"2-n8","れいとうビーム"
"2-n9","ラスターカノン"
"2-n9","たいあたり"
"2-n9","しっぽをふる"
"2-n9","あわ"
"2-n9","からにこもる"
"2-n9","ねこだまし"
"2-n9","アクアジェット"
"2-n9","みずでっぽう"
"2-n9","かみつく"
"2-n9","バブルこうせん"
"2-n9","まもる"
"2-n9","ずつき"
"2-n9","ハイドロポンプ"
"2-n9","ロケットずつき"
"2-n9","ねむる"
"2-n9","みがわり"
"2-n9","リフレクター"
"2-n9","あなをほる"
"2-n9","からげんき"
"2-n9","かわらわり"
"2-n9","ちきゅうなげ"
"2-n9","ドラゴンテール"
"2-n9","アイアンテール"
"2-n9","あくのはどう"
"2-n9","いわなだれ"
"2-n9","たきのぼり"
"2-n9","どくどく"
"2-n9","ねっとう"
"2-n9","りゅうのはどう"
"2-n9","れいとうパンチ"
"2-n9","げきりん"
"2-n9","じしん"
"2-n9","なみのり"
"2-n9","はかいこうせん"
"2-n9","ふぶき"
"2-n9","れいとうビーム"
"2-n9m","ラスターカノン"
"2-n9m","たいあたり"
"2-n9m","しっぽをふる"
"2-n9m","あわ"
"2-n9m","からにこもる"
"2-n9m","ねこだまし"
"2-n9m","アクアジェット"
"2-n9m","みずでっぽう"
"2-n9m","かみつく"
"2-n9m","バブルこうせん"
"2-n9m","まもる"
"2-n9m","ずつき"
"2-n9m","ハイドロポンプ"
"2-n9m","ロケットずつき"
"2-n9m","ねむる"
"2-n9m","みがわり"
"2-n9m","リフレクター"
"2-n9m","あなをほる"
"2-n9m","からげんき"
"2-n9m","かわらわり"
"2-n9m","ちきゅうなげ"
"2-n9m","ドラゴンテール"
"2-n9m","アイアンテール"
"2-n9m","あくのはどう"
"2-n9m","いわなだれ"
"2-n9m","たきのぼり"
"2-n9m","どくどく"
"2-n9m","ねっとう"
"2-n9m","りゅうのはどう"
"2-n9m","れいとうパンチ"
"2-n9m","げきりん"
"2-n9m","じしん"
"2-n9m","なみのり"
"2-n9m","はかいこうせん"
"2-n9m","ふぶき"
"2-n9m","れいとうビーム"
"2-n10","たいあたり"
"2-n10","いとをはく"
"2-n11","かたくなる"
"2-n11","たいあたり"
"2-n11","いとをはく"
"2-n12","かぜおこし"
"2-n12","ねんりき"
"2-n12","どくのこな"
"2-n12","しびれごな"
"2-n12","ねむりごな"
"2-n12","サイケこうせん"
"2-n12","ちょうおんぱ"
"2-n12","ちょうのまい"
"2-n12","ふきとばし"
"2-n12","エアスラッシュ"
"2-n12","むしのさざめき"
"2-n12","ずつき"
"2-n12","テレポート"
"2-n12","ねむる"
"2-n12","まもる"
"2-n12","みがわり"
"2-n12","リフレクター"
"2-n12","からげんき"
"2-n12","とんぼがえり"
"2-n12","どくどく"
"2-n12","サイコキネシス"
"2-n12","シャドーボール"
"2-n12","ソーラービーム"
"2-n12","はかいこうせん"
"2-n12","はねやすめ"
"2-n12","メガドレイン"
"2-n12","ゆめくい"
"2-n12","たいあたり"
"2-n12","いとをはく"
"2-n12","かたくなる"
"2-n13","どくばり"
"2-n13","いとをはく"
"2-n14","かたくなる"
"2-n14","どくばり"
"2-n14","いとをはく"
"2-n15","ダブルニードル"
"2-n15","つつく"
"2-n15","いかり"
"2-n15","みだれづき"
"2-n15","きあいだめ"
"2-n15","どくづき"
"2-n15","こうそくいどう"
"2-n15","ミサイルばり"
"2-n15","げきりん"
"2-n15","ずつき"
"2-n15","ねむる"
"2-n15","まもる"
"2-n15","みがわり"
"2-n15","リフレクター"
"2-n15","からげんき"
"2-n15","かわらわり"
"2-n15","とんぼがえり"
"2-n15","シザークロス"
"2-n15","どくどく"
"2-n15","ソーラービーム"
"2-n15","はかいこうせん"
"2-n15","はねやすめ"
"2-n15","ヘドロばくだん"
"2-n15","メガドレイン"
"2-n15","ドリルライナー"
"2-n15","どくばり"
"2-n15","いとをはく"
"2-n15","かたくなる"
"2-n15m","ダブルニードル"
"2-n15m","つつく"
"2-n15m","いかり"
"2-n15m","みだれづき"
"2-n15m","きあいだめ"
"2-n15m","どくづき"
"2-n15m","こうそくいどう"
"2-n15m","ミサイルばり"
"2-n15m","げきりん"
"2-n15m","ずつき"
"2-n15m","ねむる"
"2-n15m","まもる"
"2-n15m","みがわり"
"2-n15m","リフレクター"
"2-n15m","からげんき"
"2-n15m","かわらわり"
"2-n15m","とんぼがえり"
"2-n15m","シザークロス"
"2-n15m","どくどく"
"2-n15m","ソーラービーム"
"2-n15m","はかいこうせん"
"2-n15m","はねやすめ"
"2-n15m","ヘドロばくだん"
"2-n15m","メガドレイン"
"2-n15m","ドリルライナー"
"2-n15m","どくばり"
"2-n15m","いとをはく"
"2-n15m","かたくなる"
"2-n16","たいあたり"
"2-n16","すなかけ"
"2-n16","かぜおこし"
"2-n16","オウムがえし"
"2-n16","でんこうせっか"
"2-n16","つばさでうつ"
"2-n16","はねやすめ"
"2-n16","ふきとばし"
"2-n16","こうそくいどう"
"2-n16","エアスラッシュ"
"2-n16","かまいたち"
"2-n16","ずつき"
"2-n16","ねむる"
"2-n16","まもる"
"2-n16","みがわり"
"2-n16","リフレクター"
"2-n16","からげんき"
"2-n16","そらをとぶ"
"2-n16","とんぼがえり"
"2-n16","どくどく"
"2-n17","たいあたり"
"2-n17","すなかけ"
"2-n17","かぜおこし"
"2-n17","でんこうせっか"
"2-n17","オウムがえし"
"2-n17","つばさでうつ"
"2-n17","はねやすめ"
"2-n17","ふきとばし"
"2-n17","こうそくいどう"
"2-n17","エアスラッシュ"
"2-n17","かまいたち"
"2-n17","ずつき"
"2-n17","ねむる"
"2-n17","まもる"
"2-n17","みがわり"
"2-n17","リフレクター"
"2-n17","からげんき"
"2-n17","そらをとぶ"
"2-n17","とんぼがえり"
"2-n17","どくどく"
"2-n18","たいあたり"
"2-n18","すなかけ"
"2-n18","かぜおこし"
"2-n18","でんこうせっか"
"2-n18","ゴッドバード"
"2-n18","ねっぷう"
"2-n18","オウムがえし"
"2-n18","つばさでうつ"
"2-n18","はねやすめ"
"2-n18","ふきとばし"
"2-n18","こうそくいどう"
"2-n18","エアスラッシュ"
"2-n18","かまいたち"
"2-n18","ずつき"
"2-n18","ねむる"
"2-n18","まもる"
"2-n18","みがわり"
"2-n18","リフレクター"
"2-n18","からげんき"
"2-n18","そらをとぶ"
"2-n18","とんぼがえり"
"2-n18","どくどく"
"2-n18","はかいこうせん"
"2-n18m","たいあたり"
"2-n18m","すなかけ"
"2-n18m","かぜおこし"
"2-n18m","でんこうせっか"
"2-n18m","ゴッドバード"
"2-n18m","ねっぷう"
"2-n18m","オウムがえし"
"2-n18m","つばさでうつ"
"2-n18m","はねやすめ"
"2-n18m","ふきとばし"
"2-n18m","こうそくいどう"
"2-n18m","エアスラッシュ"
"2-n18m","かまいたち"
"2-n18m","ずつき"
"2-n18m","ねむる"
"2-n18m","まもる"
"2-n18m","みがわり"
"2-n18m","リフレクター"
"2-n18m","からげんき"
"2-n18m","そらをとぶ"
"2-n18m","とんぼがえり"
"2-n18m","どくどく"
"2-n18m","はかいこうせん"
"2-n19","たいあたり"
"2-n19","しっぽをふる"
"2-n19","でんこうせっか"
"2-n19","きあいだめ"
"2-n19","かみつく"
"2-n19","いかりのまえば"
"2-n19","かみくだく"
"2-n19","ひっさつまえば"
"2-n19","ふいうち"
"2-n19","すてみタックル"
"2-n19","ずつき"
"2-n19","ちょうはつ"
"2-n19","ねむる"
"2-n19","まもる"
"2-n19","みがわり"
"2-n19","あなをほる"
"2-n19","からげんき"
"2-n19","でんじは"
"2-n19","とんぼがえり"
"2-n19","アイアンテール"
"2-n19","どくどく"
"2-n19","10まんボルト"
"2-n19","かみなり"
"2-n19","シャドーボール"
"2-n19","ふぶき"
"2-n19","れいとうビーム"
"2-n19a","たいあたり"
"2-n19a","しっぽをふる"
"2-n19a","でんこうせっか"
"2-n19a","きあいだめ"
"2-n19a","かみつく"
"2-n19a","いかりのまえば"
"2-n19a","かみくだく"
"2-n19a","ひっさつまえば"
"2-n19a","ふいうち"
"2-n19a","すてみタックル"
"2-n19a","ずつき"
"2-n19a","ちょうはつ"
"2-n19a","ねむる"
"2-n19a","まもる"
"2-n19a","みがわり"
"2-n19a","あなをほる"
"2-n19a","からげんき"
"2-n19a","とんぼがえり"
"2-n19a","アイアンテール"
"2-n19a","あくのはどう"
"2-n19a","どくどく"
"2-n19a","シャドーボール"
"2-n19a","ふぶき"
"2-n19a","ヘドロばくだん"
"2-n19a","れいとうビーム"
"2-n20","つるぎのまい"
"2-n20","たいあたり"
"2-n20","しっぽをふる"
"2-n20","でんこうせっか"
"2-n20","きあいだめ"
"2-n20","カウンター"
"2-n20","みだれひっかき"
"2-n20","かみつく"
"2-n20","いかりのまえば"
"2-n20","かみくだく"
"2-n20","ひっさつまえば"
"2-n20","ふいうち"
"2-n20","すてみタックル"
"2-n20","ずつき"
"2-n20","ちょうはつ"
"2-n20","ねむる"
"2-n20","まもる"
"2-n20","みがわり"
"2-n20","あなをほる"
"2-n20","からげんき"
"2-n20","でんじは"
"2-n20","とんぼがえり"
"2-n20","アイアンテール"
"2-n20","どくどく"
"2-n20","10まんボルト"
"2-n20","かみなり"
"2-n20","シャドーボール"
"2-n20","はかいこうせん"
"2-n20","ふぶき"
"2-n20","れいとうビーム"
"2-n20a","つるぎのまい"
"2-n20a","たいあたり"
"2-n20a","しっぽをふる"
"2-n20a","でんこうせっか"
"2-n20a","きあいだめ"
"2-n20a","カウンター"
"2-n20a","みだれひっかき"
"2-n20a","かみつく"
"2-n20a","いかりのまえば"
"2-n20a","かみくだく"
"2-n20a","ひっさつまえば"
"2-n20a","ふいうち"
"2-n20a","すてみタックル"
"2-n20a","ずつき"
"2-n20a","ちょうはつ"
"2-n20a","ねむる"
"2-n20a","まもる"
"2-n20a","みがわり"
"2-n20a","あなをほる"
"2-n20a","からげんき"
"2-n20a","とんぼがえり"
"2-n20a","アイアンテール"
"2-n20a","あくのはどう"
"2-n20a","どくどく"
"2-n20a","ビルドアップ"
"2-n20a","シャドーボール"
"2-n20a","はかいこうせん"
"2-n20a","ふぶき"
"2-n20a","ヘドロばくだん"
"2-n20a","れいとうビーム"
"2-n21","つつく"
"2-n21","なきごえ"
"2-n21","にらみつける"
"2-n21","きあいだめ"
"2-n21","みだれづき"
"2-n21","オウムがえし"
"2-n21","はねやすめ"
"2-n21","こうそくいどう"
"2-n21","ドリルくちばし"
"2-n21","ずつき"
"2-n21","ねむる"
"2-n21","まもる"
"2-n21","みがわり"
"2-n21","からげんき"
"2-n21","そらをとぶ"
"2-n21","とんぼがえり"
"2-n21","どくどく"
"2-n21","トライアタック"
"2-n21","ドリルライナー"
"2-n22","つつく"
"2-n22","なきごえ"
"2-n22","にらみつける"
"2-n22","ドリルライナー"
"2-n22","ゴッドバード"
"2-n22","でんこうせっか"
"2-n22","きあいだめ"
"2-n22","みだれづき"
"2-n22","オウムがえし"
"2-n22","はねやすめ"
"2-n22","こうそくいどう"
"2-n22","ドリルくちばし"
"2-n22","ずつき"
"2-n22","ねむる"
"2-n22","まもる"
"2-n22","みがわり"
"2-n22","からげんき"
"2-n22","そらをとぶ"
"2-n22","とんぼがえり"
"2-n22","どくどく"
"2-n22","トライアタック"
"2-n22","はかいこうせん"
"2-n23","まきつく"
"2-n23","どくばり"
"2-n23","にらみつける"
"2-n23","ようかいえき"
"2-n23","かみつく"
"2-n23","くろいきり"
"2-n23","へびにらみ"
"2-n23","どくづき"
"2-n23","たたきつける"
"2-n23","いやなおと"
"2-n23","どくどく"
"2-n23","ずつき"
"2-n23","ねむる"
"2-n23","まもる"
"2-n23","みがわり"
"2-n23","あなをほる"
"2-n23","からげんき"
"2-n23","アイアンテール"
"2-n23","あくのはどう"
"2-n23","いわなだれ"
"2-n23","じしん"
"2-n23","ヘドロばくだん"
"2-n23","メガドレイン"
"2-n24","かみくだく"
"2-n24","まきつく"
"2-n24","にらみつける"
"2-n24","どくばり"
"2-n24","ふいうち"
"2-n24","ようかいえき"
"2-n24","かみつく"
"2-n24","くろいきり"
"2-n24","へびにらみ"
"2-n24","どくづき"
"2-n24","たたきつける"
"2-n24","いやなおと"
"2-n24","どくどく"
"2-n24","ずつき"
"2-n24","ねむる"
"2-n24","まもる"
"2-n24","みがわり"
"2-n24","あなをほる"
"2-n24","からげんき"
"2-n24","ドラゴンテール"
"2-n24","アイアンテール"
"2-n24","あくのはどう"
"2-n24","いわなだれ"
"2-n24","じしん"
"2-n24","はかいこうせん"
"2-n24","ヘドロばくだん"
"2-n24","メガドレイン"
"2-n25","でんきショック"
"2-n25","なきごえ"
"2-n25","しっぽをふる"
"2-n25","でんこうせっか"
"2-n25","にどげり"
"2-n25","かげぶんしん"
"2-n25","でんじは"
"2-n25","ひかりのかべ"
"2-n25","10まんボルト"
"2-n25","たたきつける"
"2-n25","こうそくいどう"
"2-n25","かみなり"
"2-n25","ずつき"
"2-n25","てだすけ"
"2-n25","ねむる"
"2-n25","まもる"
"2-n25","みがわり"
"2-n25","リフレクター"
"2-n25","あなをほる"
"2-n25","からげんき"
"2-n25","かわらわり"
"2-n25","ちきゅうなげ"
"2-n25","アイアンテール"
"2-n25","かみなりパンチ"
"2-n25","どくどく"
"2-n25","めいそう"
"2-n25","ネコにこばん"
"2-n25b","でんきショック"
"2-n25b","なきごえ"
"2-n25b","しっぽをふる"
"2-n25b","でんこうせっか"
"2-n25b","にどげり"
"2-n25b","かげぶんしん"
"2-n25b","でんじは"
"2-n25b","ひかりのかべ"
"2-n25b","10まんボルト"
"2-n25b","たたきつける"
"2-n25b","こうそくいどう"
"2-n25b","かみなり"
"2-n25b","ずつき"
"2-n25b","てだすけ"
"2-n25b","ねむる"
"2-n25b","まもる"
"2-n25b","みがわり"
"2-n25b","リフレクター"
"2-n25b","あなをほる"
"2-n25b","からげんき"
"2-n25b","かわらわり"
"2-n25b","ちきゅうなげ"
"2-n25b","アイアンテール"
"2-n25b","かみなりパンチ"
"2-n25b","どくどく"
"2-n25b","めいそう"
"2-n25b","ネコにこばん"
"2-n25b","ばちばちアクセル"
"2-n25b","ざぶざぶサーフ"
"2-n25b","ふわふわフォール"
"2-n25b","ピカピカサンダー"
"2-n26","かみなりパンチ"
"2-n26","でんきショック"
"2-n26","しっぽをふる"
"2-n26","でんこうせっか"
"2-n26","なきごえ"
"2-n26","アンコール"
"2-n26","ねこだまし"
"2-n26","ずつき"
"2-n26","てだすけ"
"2-n26","ねむる"
"2-n26","ひかりのかべ"
"2-n26","まもる"
"2-n26","みがわり"
"2-n26","リフレクター"
"2-n26","あなをほる"
"2-n26","からげんき"
"2-n26","かわらわり"
"2-n26","ちきゅうなげ"
"2-n26","でんじは"
"2-n26","アイアンテール"
"2-n26","どくどく"
"2-n26","めいそう"
"2-n26","10まんボルト"
"2-n26","かみなり"
"2-n26","はかいこうせん"
"2-n26","ネコにこばん"
"2-n26","にどげり"
"2-n26","かげぶんしん"
"2-n26","たたきつける"
"2-n26","こうそくいどう"
"2-n26a","サイコキネシス"
"2-n26a","でんきショック"
"2-n26a","しっぽをふる"
"2-n26a","アンコール"
"2-n26a","ねこだまし"
"2-n26a","なきごえ"
"2-n26a","かげぶんしん"
"2-n26a","ずつき"
"2-n26a","てだすけ"
"2-n26a","テレポート"
"2-n26a","ねむる"
"2-n26a","ひかりのかべ"
"2-n26a","まもる"
"2-n26a","みがわり"
"2-n26a","リフレクター"
"2-n26a","あなをほる"
"2-n26a","からげんき"
"2-n26a","かわらわり"
"2-n26a","ちきゅうなげ"
"2-n26a","でんじは"
"2-n26a","アイアンテール"
"2-n26a","かみなりパンチ"
"2-n26a","どくどく"
"2-n26a","めいそう"
"2-n26a","10まんボルト"
"2-n26a","かみなり"
"2-n26a","はかいこうせん"
"2-n26a","ネコにこばん"
"2-n26a","でんこうせっか"
"2-n26a","にどげり"
"2-n26a","たたきつける"
"2-n26a","こうそくいどう"
"2-n27","ひっかく"
"2-n27","まるくなる"
"2-n27","どくばり"
"2-n27","すなかけ"
"2-n27","スピードスター"
"2-n27","みだれひっかき"
"2-n27","あなをほる"
"2-n27","まもる"
"2-n27","つるぎのまい"
"2-n27","きりさく"
"2-n27","じしん"
"2-n27","ずつき"
"2-n27","ねむる"
"2-n27","みがわり"
"2-n27","からげんき"
"2-n27","かわらわり"
"2-n27","ちきゅうなげ"
"2-n27","アイアンテール"
"2-n27","いわなだれ"
"2-n27","シザークロス"
"2-n27","どくづき"
"2-n27","どくどく"
"2-n27","ステルスロック"
"2-n27a","ひっかく"
"2-n27a","まるくなる"
"2-n27a","がまん"
"2-n27a","こおりのつぶて"
"2-n27a","スピードスター"
"2-n27a","ミラーコート"
"2-n27a","みだれひっかき"
"2-n27a","れいとうパンチ"
"2-n27a","つるぎのまい"
"2-n27a","きりさく"
"2-n27a","ふぶき"
"2-n27a","ずつき"
"2-n27a","ねむる"
"2-n27a","まもる"
"2-n27a","みがわり"
"2-n27a","あなをほる"
"2-n27a","からげんき"
"2-n27a","かわらわり"
"2-n27a","ちきゅうなげ"
"2-n27a","アイアンテール"
"2-n27a","いわなだれ"
"2-n27a","シザークロス"
"2-n27a","どくづき"
"2-n27a","どくどく"
"2-n27a","じしん"
"2-n27a","れいとうビーム"
"2-n27a","ステルスロック"
"2-n28","ひっかく"
"2-n28","まるくなる"
"2-n28","すなかけ"
"2-n28","どくばり"
"2-n28","カウンター"
"2-n28","スピードスター"
"2-n28","みだれひっかき"
"2-n28","あなをほる"
"2-n28","まもる"
"2-n28","つるぎのまい"
"2-n28","きりさく"
"2-n28","じしん"
"2-n28","ずつき"
"2-n28","ねむる"
"2-n28","みがわり"
"2-n28","からげんき"
"2-n28","かわらわり"
"2-n28","ちきゅうなげ"
"2-n28","アイアンテール"
"2-n28","いわなだれ"
"2-n28","シザークロス"
"2-n28","どくづき"
"2-n28","どくどく"
"2-n28","はかいこうせん"
"2-n28","ステルスロック"
"2-n28","ドリルライナー"
"2-n28a","まるくなる"
"2-n28a","カウンター"
"2-n28a","ひっかく"
"2-n28a","がまん"
"2-n28a","こおりのつぶて"
"2-n28a","ずつき"
"2-n28a","ねむる"
"2-n28a","まもる"
"2-n28a","みがわり"
"2-n28a","あなをほる"
"2-n28a","からげんき"
"2-n28a","かわらわり"
"2-n28a","ちきゅうなげ"
"2-n28a","アイアンテール"
"2-n28a","いわなだれ"
"2-n28a","シザークロス"
"2-n28a","どくづき"
"2-n28a","どくどく"
"2-n28a","れいとうパンチ"
"2-n28a","じしん"
"2-n28a","はかいこうせん"
"2-n28a","ふぶき"
"2-n28a","れいとうビーム"
"2-n28a","ステルスロック"
"2-n28a","ドリルライナー"
"2-n28a","スピードスター"
"2-n28a","ミラーコート"
"2-n28a","みだれひっかき"
"2-n28a","つるぎのまい"
"2-n28a","きりさく"
"2-n29","なきごえ"
"2-n29","ひっかく"
"2-n29","しっぽをふる"
"2-n29","どくばり"
"2-n29","にどげり"
"2-n29","かみつく"
"2-n29","てだすけ"
"2-n29","どくどく"
"2-n29","みだれひっかき"
"2-n29","かみくだく"
"2-n29","いかりのまえば"
"2-n29","ずつき"
"2-n29","ねむる"
"2-n29","まもる"
"2-n29","みがわり"
"2-n29","リフレクター"
"2-n29","あなをほる"
"2-n29","からげんき"
"2-n29","アイアンテール"
"2-n29","どくづき"
"2-n29","10まんボルト"
"2-n29","かみなり"
"2-n29","ふぶき"
"2-n29","ヘドロばくだん"
"2-n29","れいとうビーム"
"2-n30","なきごえ"
"2-n30","ひっかく"
"2-n30","しっぽをふる"
"2-n30","どくばり"
"2-n30","にどげり"
"2-n30","かみつく"
"2-n30","てだすけ"
"2-n30","どくどく"
"2-n30","みだれひっかき"
"2-n30","かみくだく"
"2-n30","いかりのまえば"
"2-n30","ずつき"
"2-n30","ねむる"
"2-n30","まもる"
"2-n30","みがわり"
"2-n30","リフレクター"
"2-n30","あなをほる"
"2-n30","からげんき"
"2-n30","アイアンテール"
"2-n30","どくづき"
"2-n30","10まんボルト"
"2-n30","かみなり"
"2-n30","ふぶき"
"2-n30","ヘドロばくだん"
"2-n30","れいとうビーム"
"2-n31","のしかかり"
"2-n31","ひっかく"
"2-n31","しっぽをふる"
"2-n31","どくばり"
"2-n31","ちょうおんぱ"
"2-n31","カウンター"
"2-n31","なきごえ"
"2-n31","ばかぢから"
"2-n31","ずつき"
"2-n31","ちょうはつ"
"2-n31","てだすけ"
"2-n31","ねむる"
"2-n31","まもる"
"2-n31","みがわり"
"2-n31","リフレクター"
"2-n31","あなをほる"
"2-n31","からげんき"
"2-n31","かわらわり"
"2-n31","ちきゅうなげ"
"2-n31","ドラゴンテール"
"2-n31","アイアンテール"
"2-n31","いわなだれ"
"2-n31","かみなりパンチ"
"2-n31","どくづき"
"2-n31","どくどく"
"2-n31","ほのおのパンチ"
"2-n31","りゅうのはどう"
"2-n31","れいとうパンチ"
"2-n31","10まんボルト"
"2-n31","かえんほうしゃ"
"2-n31","かみなり"
"2-n31","げきりん"
"2-n31","じしん"
"2-n31","シャドーボール"
"2-n31","だいもんじ"
"2-n31","なみのり"
"2-n31","はかいこうせん"
"2-n31","ふぶき"
"2-n31","ヘドロばくだん"
"2-n31","れいとうビーム"
"2-n31","ステルスロック"
"2-n31","ネコにこばん"
"2-n31","ドリルライナー"
"2-n31","にどげり"
"2-n31","かみつく"
"2-n31","みだれひっかき"
"2-n31","かみくだく"
"2-n31","いかりのまえば"
"2-n32","にらみつける"
"2-n32","つつく"
"2-n32","きあいだめ"
"2-n32","どくばり"
"2-n32","にどげり"
"2-n32","つのでつく"
"2-n32","てだすけ"
"2-n32","どくどく"
"2-n32","みだれづき"
"2-n32","どくづき"
"2-n32","つのドリル"
"2-n32","ずつき"
"2-n32","ねむる"
"2-n32","まもる"
"2-n32","みがわり"
"2-n32","リフレクター"
"2-n32","あなをほる"
"2-n32","からげんき"
"2-n32","アイアンテール"
"2-n32","10まんボルト"
"2-n32","かみなり"
"2-n32","ふぶき"
"2-n32","ヘドロばくだん"
"2-n32","れいとうビーム"
"2-n32","ドリルライナー"
"2-n33","にらみつける"
"2-n33","つつく"
"2-n33","きあいだめ"
"2-n33","どくばり"
"2-n33","にどげり"
"2-n33","つのでつく"
"2-n33","てだすけ"
"2-n33","どくどく"
"2-n33","みだれづき"
"2-n33","どくづき"
"2-n33","つのドリル"
"2-n33","ずつき"
"2-n33","ねむる"
"2-n33","まもる"
"2-n33","みがわり"
"2-n33","リフレクター"
"2-n33","あなをほる"
"2-n33","からげんき"
"2-n33","アイアンテール"
"2-n33","10まんボルト"
"2-n33","かみなり"
"2-n33","ふぶき"
"2-n33","ヘドロばくだん"
"2-n33","れいとうビーム"
"2-n33","ドリルライナー"
"2-n34","あばれる"
"2-n34","つつく"
"2-n34","きあいだめ"
"2-n34","どくばり"
"2-n34","ちょうおんぱ"
"2-n34","カウンター"
"2-n34","にらみつける"
"2-n34","メガホーン"
"2-n34","ずつき"
"2-n34","ちょうはつ"
"2-n34","てだすけ"
"2-n34","ねむる"
"2-n34","まもる"
"2-n34","みがわり"
"2-n34","リフレクター"
"2-n34","あなをほる"
"2-n34","からげんき"
"2-n34","かわらわり"
"2-n34","ちきゅうなげ"
"2-n34","ドラゴンテール"
"2-n34","アイアンテール"
"2-n34","いわなだれ"
"2-n34","かみなりパンチ"
"2-n34","どくづき"
"2-n34","どくどく"
"2-n34","ほのおのパンチ"
"2-n34","りゅうのはどう"
"2-n34","れいとうパンチ"
"2-n34","10まんボルト"
"2-n34","かえんほうしゃ"
"2-n34","かみなり"
"2-n34","げきりん"
"2-n34","じしん"
"2-n34","シャドーボール"
"2-n34","だいもんじ"
"2-n34","なみのり"
"2-n34","はかいこうせん"
"2-n34","ばかぢから"
"2-n34","ふぶき"
"2-n34","ヘドロばくだん"
"2-n34","れいとうビーム"
"2-n34","ステルスロック"
"2-n34","ネコにこばん"
"2-n34","ドリルライナー"
"2-n34","にどげり"
"2-n34","つのでつく"
"2-n34","みだれづき"
"2-n34","つのドリル"
"2-n35","はたく"
"2-n35","なきごえ"
"2-n35","まるくなる"
"2-n35","うたう"
"2-n35","ちいさくなる"
"2-n35","おうふくビンタ"
"2-n35","ドわすれ"
"2-n35","ゆびをふる"
"2-n35","アンコール"
"2-n35","のしかかり"
"2-n35","ムーンフォース"
"2-n35","ずつき"
"2-n35","てだすけ"
"2-n35","テレポート"
"2-n35","ねむる"
"2-n35","ひかりのかべ"
"2-n35","まもる"
"2-n35","みがわり"
"2-n35","リフレクター"
"2-n35","あなをほる"
"2-n35","からげんき"
"2-n35","かわらわり"
"2-n35","ちきゅうなげ"
"2-n35","でんじは"
"2-n35","アイアンテール"
"2-n35","かみなりパンチ"
"2-n35","どくどく"
"2-n35","トライアタック"
"2-n35","ほのおのパンチ"
"2-n35","マジカルシャイン"
"2-n35","めいそう"
"2-n35","れいとうパンチ"
"2-n35","10まんボルト"
"2-n35","かえんほうしゃ"
"2-n35","かみなり"
"2-n35","サイコキネシス"
"2-n35","シャドーボール"
"2-n35","じゃれつく"
"2-n35","ソーラービーム"
"2-n35","だいもんじ"
"2-n35","ふぶき"
"2-n35","れいとうビーム"
"2-n35","ステルスロック"
"2-n35","ゆめくい"
"2-n36","ゆびをふる"
"2-n36","うたう"
"2-n36","なきごえ"
"2-n36","はたく"
"2-n36","まるくなる"
"2-n36","ずつき"
"2-n36","てだすけ"
"2-n36","テレポート"
"2-n36","ねむる"
"2-n36","ひかりのかべ"
"2-n36","まもる"
"2-n36","みがわり"
"2-n36","リフレクター"
"2-n36","あなをほる"
"2-n36","からげんき"
"2-n36","かわらわり"
"2-n36","ちきゅうなげ"
"2-n36","でんじは"
"2-n36","アイアンテール"
"2-n36","かみなりパンチ"
"2-n36","どくどく"
"2-n36","トライアタック"
"2-n36","ほのおのパンチ"
"2-n36","マジカルシャイン"
"2-n36","めいそう"
"2-n36","れいとうパンチ"
"2-n36","10まんボルト"
"2-n36","かえんほうしゃ"
"2-n36","かみなり"
"2-n36","サイコキネシス"
"2-n36","シャドーボール"
"2-n36","じゃれつく"
"2-n36","ソーラービーム"
"2-n36","だいもんじ"
"2-n36","はかいこうせん"
"2-n36","ふぶき"
"2-n36","れいとうビーム"
"2-n36","ステルスロック"
"2-n36","ゆめくい"
"2-n36","ちいさくなる"
"2-n36","おうふくビンタ"
"2-n36","ドわすれ"
"2-n36","アンコール"
"2-n36","のしかかり"
"2-n36","ムーンフォース"
"2-n37","たいあたり"
"2-n37","しっぽをふる"
"2-n37","ひのこ"
"2-n37","でんこうせっか"
"2-n37","あやしいひかり"
"2-n37","おにび"
"2-n37","ほのおのうず"
"2-n37","かえんほうしゃ"
"2-n37","ほえる"
"2-n37","だいもんじ"
"2-n37","ずつき"
"2-n37","ねむる"
"2-n37","まもる"
"2-n37","みがわり"
"2-n37","リフレクター"
"2-n37","あなをほる"
"2-n37","からげんき"
"2-n37","アイアンテール"
"2-n37","あくのはどう"
"2-n37","イカサマ"
"2-n37","どくどく"
"2-n37a","たいあたり"
"2-n37a","しっぽをふる"
"2-n37a","しろいきり"
"2-n37a","こおりのつぶて"
"2-n37a","あやしいひかり"
"2-n37a","オーロラビーム"
"2-n37a","マジカルシャイン"
"2-n37a","れいとうビーム"
"2-n37a","ほえる"
"2-n37a","ふぶき"
"2-n37a","ずつき"
"2-n37a","ねむる"
"2-n37a","まもる"
"2-n37a","みがわり"
"2-n37a","リフレクター"
"2-n37a","あなをほる"
"2-n37a","からげんき"
"2-n37a","アイアンテール"
"2-n37a","あくのはどう"
"2-n37a","イカサマ"
"2-n37a","どくどく"
"2-n38","わるだくみ"
"2-n38","ひのこ"
"2-n38","でんこうせっか"
"2-n38","しっぽをふる"
"2-n38","さいみんじゅつ"
"2-n38","たいあたり"
"2-n38","ずつき"
"2-n38","ねむる"
"2-n38","まもる"
"2-n38","みがわり"
"2-n38","リフレクター"
"2-n38","あなをほる"
"2-n38","おにび"
"2-n38","からげんき"
"2-n38","アイアンテール"
"2-n38","あくのはどう"
"2-n38","イカサマ"
"2-n38","どくどく"
"2-n38","めいそう"
"2-n38","かえんほうしゃ"
"2-n38","ソーラービーム"
"2-n38","だいもんじ"
"2-n38","はかいこうせん"
"2-n38","ゆめくい"
"2-n38","あやしいひかり"
"2-n38","ほのおのうず"
"2-n38","ほえる"
"2-n38a","わるだくみ"
"2-n38a","こおりのつぶて"
"2-n38a","さいみんじゅつ"
"2-n38a","たいあたり"
"2-n38a","しっぽをふる"
"2-n38a","しろいきり"
"2-n38a","ずつき"
"2-n38a","ねむる"
"2-n38a","まもる"
"2-n38a","みがわり"
"2-n38a","リフレクター"
"2-n38a","あなをほる"
"2-n38a","からげんき"
"2-n38a","アイアンテール"
"2-n38a","あくのはどう"
"2-n38a","イカサマ"
"2-n38a","どくどく"
"2-n38a","マジカルシャイン"
"2-n38a","めいそう"
"2-n38a","はかいこうせん"
"2-n38a","ふぶき"
"2-n38a","れいとうビーム"
"2-n38a","ゆめくい"
"2-n38a","あやしいひかり"
"2-n38a","オーロラビーム"
"2-n38a","ほえる"
"2-n39","うたう"
"2-n39","はたく"
"2-n39","まるくなる"
"2-n39","がまん"
"2-n39","おうふくビンタ"
"2-n39","かなしばり"
"2-n39","ねむる"
"2-n39","のしかかり"
"2-n39","ものまね"
"2-n39","すてみタックル"
"2-n39","ずつき"
"2-n39","てだすけ"
"2-n39","テレポート"
"2-n39","ひかりのかべ"
"2-n39","まもる"
"2-n39","みがわり"
"2-n39","リフレクター"
"2-n39","あなをほる"
"2-n39","からげんき"
"2-n39","かわらわり"
"2-n39","ちきゅうなげ"
"2-n39","でんじは"
"2-n39","かみなりパンチ"
"2-n39","どくどく"
"2-n39","トライアタック"
"2-n39","ほのおのパンチ"
"2-n39","マジカルシャイン"
"2-n39","れいとうパンチ"
"2-n39","10まんボルト"
"2-n39","かえんほうしゃ"
"2-n39","かみなり"
"2-n39","サイコキネシス"
"2-n39","シャドーボール"
"2-n39","じゃれつく"
"2-n39","ソーラービーム"
"2-n39","だいもんじ"
"2-n39","ふぶき"
"2-n39","れいとうビーム"
"2-n39","ステルスロック"
"2-n39","ゆめくい"
"2-n40","うたう"
"2-n40","はたく"
"2-n40","ちいさくなる"
"2-n40","がまん"
"2-n40","ずつき"
"2-n40","てだすけ"
"2-n40","テレポート"
"2-n40","ねむる"
"2-n40","ひかりのかべ"
"2-n40","まもる"
"2-n40","みがわり"
"2-n40","リフレクター"
"2-n40","あなをほる"
"2-n40","からげんき"
"2-n40","かわらわり"
"2-n40","ちきゅうなげ"
"2-n40","でんじは"
"2-n40","かみなりパンチ"
"2-n40","どくどく"
"2-n40","トライアタック"
"2-n40","ほのおのパンチ"
"2-n40","マジカルシャイン"
"2-n40","れいとうパンチ"
"2-n40","10まんボルト"
"2-n40","かえんほうしゃ"
"2-n40","かみなり"
"2-n40","サイコキネシス"
"2-n40","シャドーボール"
"2-n40","じゃれつく"
"2-n40","ソーラービーム"
"2-n40","だいもんじ"
"2-n40","はかいこうせん"
"2-n40","ふぶき"
"2-n40","れいとうビーム"
"2-n40","ステルスロック"
"2-n40","ゆめくい"
"2-n40","まるくなる"
"2-n40","おうふくビンタ"
"2-n40","かなしばり"
"2-n40","のしかかり"
"2-n40","ものまね"
"2-n40","すてみタックル"
"2-n41","すいとる"
"2-n41","ちょうおんぱ"
"2-n41","つばさでうつ"
"2-n41","かみつく"
"2-n41","スピードスター"
"2-n41","あやしいひかり"
"2-n41","くろいきり"
"2-n41","きゅうけつ"
"2-n41","どくどく"
"2-n41","エアスラッシュ"
"2-n41","ずつき"
"2-n41","ちょうはつ"
"2-n41","ねむる"
"2-n41","まもる"
"2-n41","みがわり"
"2-n41","からげんき"
"2-n41","そらをとぶ"
"2-n41","とんぼがえり"
"2-n41","シャドーボール"
"2-n41","はねやすめ"
"2-n41","ヘドロばくだん"
"2-n41","メガドレイン"
"2-n42","かみくだく"
"2-n42","ちょうおんぱ"
"2-n42","かみつく"
"2-n42","すいとる"
"2-n42","ふきとばし"
"2-n42","でんこうせっか"
"2-n42","つばさでうつ"
"2-n42","スピードスター"
"2-n42","あやしいひかり"
"2-n42","くろいきり"
"2-n42","きゅうけつ"
"2-n42","どくどく"
"2-n42","エアスラッシュ"
"2-n42","ずつき"
"2-n42","ちょうはつ"
"2-n42","ねむる"
"2-n42","まもる"
"2-n42","みがわり"
"2-n42","からげんき"
"2-n42","そらをとぶ"
"2-n42","とんぼがえり"
"2-n42","シャドーボール"
"2-n42","はかいこうせん"
"2-n42","はねやすめ"
"2-n42","ヘドロばくだん"
"2-n42","メガドレイン"
"2-n43","すいとる"
"2-n43","せいちょう"
"2-n43","ようかいえき"
"2-n43","どくのこな"
"2-n43","しびれごな"
"2-n43","ねむりごな"
"2-n43","はっぱカッター"
"2-n43","メガドレイン"
"2-n43","どくどく"
"2-n43","ムーンフォース"
"2-n43","ずつき"
"2-n43","ねむる"
"2-n43","まもる"
"2-n43","みがわり"
"2-n43","リフレクター"
"2-n43","からげんき"
"2-n43","マジカルシャイン"
"2-n43","ソーラービーム"
"2-n43","ヘドロばくだん"
"2-n44","すいとる"
"2-n44","ようかいえき"
"2-n44","せいちょう"
"2-n44","どくのこな"
"2-n44","しびれごな"
"2-n44","ねむりごな"
"2-n44","はっぱカッター"
"2-n44","メガドレイン"
"2-n44","どくどく"
"2-n44","ムーンフォース"
"2-n44","ずつき"
"2-n44","ねむる"
"2-n44","まもる"
"2-n44","みがわり"
"2-n44","リフレクター"
"2-n44","からげんき"
"2-n44","マジカルシャイン"
"2-n44","ソーラービーム"
"2-n44","ヘドロばくだん"
"2-n45","どくのこな"
"2-n45","ようかいえき"
"2-n45","すいとる"
"2-n45","ソーラービーム"
"2-n45","せいちょう"
"2-n45","はなびらのまい"
"2-n45","ずつき"
"2-n45","ねむる"
"2-n45","まもる"
"2-n45","みがわり"
"2-n45","リフレクター"
"2-n45","からげんき"
"2-n45","どくどく"
"2-n45","マジカルシャイン"
"2-n45","はかいこうせん"
"2-n45","ヘドロばくだん"
"2-n45","メガドレイン"
"2-n45","しびれごな"
"2-n45","ねむりごな"
"2-n45","はっぱカッター"
"2-n45","ムーンフォース"
"2-n46","ひっかく"
"2-n46","ねむりごな"
"2-n46","しびれごな"
"2-n46","どくのこな"
"2-n46","すいとる"
"2-n46","せいちょう"
"2-n46","みだれひっかき"
"2-n46","きりさく"
"2-n46","きゅうけつ"
"2-n46","キノコのほうし"
"2-n46","シザークロス"
"2-n46","ずつき"
"2-n46","ねむる"
"2-n46","ひかりのかべ"
"2-n46","まもる"
"2-n46","みがわり"
"2-n46","リフレクター"
"2-n46","あなをほる"
"2-n46","からげんき"
"2-n46","かわらわり"
"2-n46","どくどく"
"2-n46","ソーラービーム"
"2-n46","ヘドロばくだん"
"2-n46","メガドレイン"
"2-n47","ひっかく"
"2-n47","しびれごな"
"2-n47","どくのこな"
"2-n47","やどりぎのタネ"
"2-n47","いやなおと"
"2-n47","ねむりごな"
"2-n47","すいとる"
"2-n47","せいちょう"
"2-n47","みだれひっかき"
"2-n47","きりさく"
"2-n47","きゅうけつ"
"2-n47","キノコのほうし"
"2-n47","シザークロス"
"2-n47","ずつき"
"2-n47","ねむる"
"2-n47","ひかりのかべ"
"2-n47","まもる"
"2-n47","みがわり"
"2-n47","リフレクター"
"2-n47","あなをほる"
"2-n47","からげんき"
"2-n47","かわらわり"
"2-n47","どくどく"
"2-n47","ソーラービーム"
"2-n47","はかいこうせん"
"2-n47","ヘドロばくだん"
"2-n47","メガドレイン"
"2-n48","たいあたり"
"2-n48","かなしばり"
"2-n48","ちょうおんぱ"
"2-n48","ねんりき"
"2-n48","どくのこな"
"2-n48","しびれごな"
"2-n48","サイケこうせん"
"2-n48","ねむりごな"
"2-n48","きゅうけつ"
"2-n48","サイコキネシス"
"2-n48","ずつき"
"2-n48","ねむる"
"2-n48","まもる"
"2-n48","みがわり"
"2-n48","リフレクター"
"2-n48","からげんき"
"2-n48","どくどく"
"2-n48","ソーラービーム"
"2-n48","ヘドロばくだん"
"2-n48","メガドレイン"
"2-n49","かぜおこし"
"2-n49","たいあたり"
"2-n49","かなしばり"
"2-n49","ちょうおんぱ"
"2-n49","ねんりき"
"2-n49","こうそくいどう"
"2-n49","いやなおと"
"2-n49","どくのこな"
"2-n49","しびれごな"
"2-n49","サイケこうせん"
"2-n49","ねむりごな"
"2-n49","きゅうけつ"
"2-n49","サイコキネシス"
"2-n49","むしのさざめき"
"2-n49","ちょうのまい"
"2-n49","ずつき"
"2-n49","テレポート"
"2-n49","ねむる"
"2-n49","まもる"
"2-n49","みがわり"
"2-n49","リフレクター"
"2-n49","からげんき"
"2-n49","とんぼがえり"
"2-n49","どくどく"
"2-n49","ソーラービーム"
"2-n49","はかいこうせん"
"2-n49","はねやすめ"
"2-n49","ヘドロばくだん"
"2-n49","メガドレイン"
"2-n49","ゆめくい"
"2-n50","ひっかく"
"2-n50","すなかけ"
"2-n50","なきごえ"
"2-n50","こうそくいどう"
"2-n50","みだれひっかき"
"2-n50","あなをほる"
"2-n50","きりさく"
"2-n50","ふいうち"
"2-n50","じしん"
"2-n50","じわれ"
"2-n50","ずつき"
"2-n50","ねむる"
"2-n50","まもる"
"2-n50","みがわり"
"2-n50","からげんき"
"2-n50","いわなだれ"
"2-n50","どくどく"
"2-n50","ヘドロばくだん"
"2-n50","ステルスロック"
"2-n50a","ひっかく"
"2-n50a","すなかけ"
"2-n50a","なきごえ"
"2-n50a","こうそくいどう"
"2-n50a","みだれひっかき"
"2-n50a","あなをほる"
"2-n50a","きりさく"
"2-n50a","ふいうち"
"2-n50a","じしん"
"2-n50a","じわれ"
"2-n50a","ずつき"
"2-n50a","ねむる"
"2-n50a","まもる"
"2-n50a","みがわり"
"2-n50a","からげんき"
"2-n50a","いわなだれ"
"2-n50a","どくどく"
"2-n50a","ヘドロばくだん"
"2-n50a","ラスターカノン"
"2-n50a","ステルスロック"
"2-n51","トライアタック"
"2-n51","ひっかく"
"2-n51","すなかけ"
"2-n51","なきごえ"
"2-n51","いやなおと"
"2-n51","こうそくいどう"
"2-n51","みだれひっかき"
"2-n51","あなをほる"
"2-n51","きりさく"
"2-n51","ふいうち"
"2-n51","じしん"
"2-n51","じわれ"
"2-n51","ずつき"
"2-n51","ねむる"
"2-n51","まもる"
"2-n51","みがわり"
"2-n51","からげんき"
"2-n51","いわなだれ"
"2-n51","どくどく"
"2-n51","はかいこうせん"
"2-n51","ヘドロばくだん"
"2-n51","ステルスロック"
"2-n51a","トライアタック"
"2-n51a","すなかけ"
"2-n51a","なきごえ"
"2-n51a","いやなおと"
"2-n51a","ひっかく"
"2-n51a","こうそくいどう"
"2-n51a","みだれひっかき"
"2-n51a","あなをほる"
"2-n51a","きりさく"
"2-n51a","ふいうち"
"2-n51a","じしん"
"2-n51a","じわれ"
"2-n51a","ずつき"
"2-n51a","ねむる"
"2-n51a","まもる"
"2-n51a","みがわり"
"2-n51a","からげんき"
"2-n51a","いわなだれ"
"2-n51a","どくどく"
"2-n51a","はかいこうせん"
"2-n51a","ヘドロばくだん"
"2-n51a","ラスターカノン"
"2-n51a","ステルスロック"
"2-n52","ひっかく"
"2-n52","なきごえ"
"2-n52","かみつく"
"2-n52","ねこだまし"
"2-n52","ちょうはつ"
"2-n52","ネコにこばん"
"2-n52","フェイント"
"2-n52","みだれひっかき"
"2-n52","いやなおと"
"2-n52","きりさく"
"2-n52","わるだくみ"
"2-n52","じゃれつく"
"2-n52","ずつき"
"2-n52","ねむる"
"2-n52","まもる"
"2-n52","みがわり"
"2-n52","あなをほる"
"2-n52","からげんき"
"2-n52","とんぼがえり"
"2-n52","アイアンテール"
"2-n52","あくのはどう"
"2-n52","イカサマ"
"2-n52","どくどく"
"2-n52","10まんボルト"
"2-n52","かみなり"
"2-n52","シャドーボール"
"2-n52a","ひっかく"
"2-n52a","なきごえ"
"2-n52a","かみつく"
"2-n52a","ねこだまし"
"2-n52a","ちょうはつ"
"2-n52a","ネコにこばん"
"2-n52a","フェイント"
"2-n52a","みだれひっかき"
"2-n52a","いやなおと"
"2-n52a","きりさく"
"2-n52a","わるだくみ"
"2-n52a","じゃれつく"
"2-n52a","ずつき"
"2-n52a","ねむる"
"2-n52a","まもる"
"2-n52a","みがわり"
"2-n52a","からげんき"
"2-n52a","とんぼがえり"
"2-n52a","アイアンテール"
"2-n52a","あくのはどう"
"2-n52a","イカサマ"
"2-n52a","どくどく"
"2-n52a","10まんボルト"
"2-n52a","かみなり"
"2-n52a","シャドーボール"
"2-n52a","ゆめくい"
"2-n53","スピードスター"
"2-n53","ひっかく"
"2-n53","なきごえ"
"2-n53","かみつく"
"2-n53","ねこだまし"
"2-n53","ドわすれ"
"2-n53","さいみんじゅつ"
"2-n53","ちょうはつ"
"2-n53","ネコにこばん"
"2-n53","フェイント"
"2-n53","みだれひっかき"
"2-n53","いやなおと"
"2-n53","きりさく"
"2-n53","わるだくみ"
"2-n53","じゃれつく"
"2-n53","ずつき"
"2-n53","ねむる"
"2-n53","まもる"
"2-n53","みがわり"
"2-n53","あなをほる"
"2-n53","からげんき"
"2-n53","とんぼがえり"
"2-n53","アイアンテール"
"2-n53","あくのはどう"
"2-n53","イカサマ"
"2-n53","どくどく"
"2-n53","10まんボルト"
"2-n53","かみなり"
"2-n53","シャドーボール"
"2-n53","はかいこうせん"
"2-n53","ゆめくい"
"2-n53a","スピードスター"
"2-n53a","ひっかく"
"2-n53a","なきごえ"
"2-n53a","かみつく"
"2-n53a","ねこだまし"
"2-n53a","ドわすれ"
"2-n53a","さいみんじゅつ"
"2-n53a","ちょうはつ"
"2-n53a","ネコにこばん"
"2-n53a","フェイント"
"2-n53a","みだれひっかき"
"2-n53a","いやなおと"
"2-n53a","きりさく"
"2-n53a","わるだくみ"
"2-n53a","じゃれつく"
"2-n53a","ずつき"
"2-n53a","ねむる"
"2-n53a","まもる"
"2-n53a","みがわり"
"2-n53a","からげんき"
"2-n53a","とんぼがえり"
"2-n53a","アイアンテール"
"2-n53a","あくのはどう"
"2-n53a","イカサマ"
"2-n53a","どくどく"
"2-n53a","10まんボルト"
"2-n53a","かみなり"
"2-n53a","シャドーボール"
"2-n53a","はかいこうせん"
"2-n53a","ゆめくい"
"2-n54","ひっかく"
"2-n54","しっぽをふる"
"2-n54","みずでっぽう"
"2-n54","ねんりき"
"2-n54","みだれひっかき"
"2-n54","かなしばり"
"2-n54","サイケこうせん"
"2-n54","いやなおと"
"2-n54","なみのり"
"2-n54","ドわすれ"
"2-n54","ハイドロポンプ"
"2-n54","ずつき"
"2-n54","ねむる"
"2-n54","ひかりのかべ"
"2-n54","まもる"
"2-n54","みがわり"
"2-n54","あなをほる"
"2-n54","からげんき"
"2-n54","かわらわり"
"2-n54","ちきゅうなげ"
"2-n54","アイアンテール"
"2-n54","たきのぼり"
"2-n54","どくどく"
"2-n54","ねっとう"
"2-n54","めいそう"
"2-n54","れいとうパンチ"
"2-n54","サイコキネシス"
"2-n54","ふぶき"
"2-n54","れいとうビーム"
"2-n54","ネコにこばん"
"2-n55","ひっかく"
"2-n55","しっぽをふる"
"2-n55","みずでっぽう"
"2-n55","ねんりき"
"2-n55","あくび"
"2-n55","アンコール"
"2-n55","みだれひっかき"
"2-n55","かなしばり"
"2-n55","サイケこうせん"
"2-n55","いやなおと"
"2-n55","なみのり"
"2-n55","ドわすれ"
"2-n55","ハイドロポンプ"
"2-n55","ずつき"
"2-n55","ねむる"
"2-n55","ひかりのかべ"
"2-n55","まもる"
"2-n55","みがわり"
"2-n55","あなをほる"
"2-n55","からげんき"
"2-n55","かわらわり"
"2-n55","ちきゅうなげ"
"2-n55","アイアンテール"
"2-n55","たきのぼり"
"2-n55","どくどく"
"2-n55","ねっとう"
"2-n55","めいそう"
"2-n55","れいとうパンチ"
"2-n55","サイコキネシス"
"2-n55","はかいこうせん"
"2-n55","ふぶき"
"2-n55","れいとうビーム"
"2-n55","ネコにこばん"
"2-n56","ひっかく"
"2-n56","にらみつける"
"2-n56","きあいだめ"
"2-n56","ちょうはつ"
"2-n56","からてチョップ"
"2-n56","みだれひっかき"
"2-n56","けたぐり"
"2-n56","ちきゅうなげ"
"2-n56","とんぼがえり"
"2-n56","いやなおと"
"2-n56","あばれる"
"2-n56","げきりん"
"2-n56","ずつき"
"2-n56","てだすけ"
"2-n56","ねむる"
"2-n56","まもる"
"2-n56","みがわり"
"2-n56","あなをほる"
"2-n56","からげんき"
"2-n56","かわらわり"
"2-n56","アイアンテール"
"2-n56","いわなだれ"
"2-n56","かみなりパンチ"
"2-n56","どくづき"
"2-n56","どくどく"
"2-n56","ビルドアップ"
"2-n56","ほのおのパンチ"
"2-n56","れいとうパンチ"
"2-n56","10まんボルト"
"2-n56","かみなり"
"2-n56","じしん"
"2-n56","ネコにこばん"
"2-n57","いかり"
"2-n57","ひっかく"
"2-n57","にらみつける"
"2-n57","きあいだめ"
"2-n57","アンコール"
"2-n57","カウンター"
"2-n57","ちょうはつ"
"2-n57","からてチョップ"
"2-n57","みだれひっかき"
"2-n57","けたぐり"
"2-n57","ちきゅうなげ"
"2-n57","とんぼがえり"
"2-n57","いやなおと"
"2-n57","あばれる"
"2-n57","げきりん"
"2-n57","ずつき"
"2-n57","てだすけ"
"2-n57","ねむる"
"2-n57","まもる"
"2-n57","みがわり"
"2-n57","あなをほる"
"2-n57","からげんき"
"2-n57","かわらわり"
"2-n57","アイアンテール"
"2-n57","いわなだれ"
"2-n57","かみなりパンチ"
"2-n57","どくづき"
"2-n57","どくどく"
"2-n57","ビルドアップ"
"2-n57","ほのおのパンチ"
"2-n57","れいとうパンチ"
"2-n57","10まんボルト"
"2-n57","かみなり"
"2-n57","じしん"
"2-n57","はかいこうせん"
"2-n57","ネコにこばん"
"2-n58","かみつく"
"2-n58","ほえる"
"2-n58","ひのこ"
"2-n58","にらみつける"
"2-n58","てだすけ"
"2-n58","とっしん"
"2-n58","かえんほうしゃ"
"2-n58","こうそくいどう"
"2-n58","ねっぷう"
"2-n58","かみくだく"
"2-n58","げきりん"
"2-n58","じゃれつく"
"2-n58","フレアドライブ"
"2-n58","ずつき"
"2-n58","ねむる"
"2-n58","まもる"
"2-n58","みがわり"
"2-n58","リフレクター"
"2-n58","あなをほる"
"2-n58","おにび"
"2-n58","からげんき"
"2-n58","アイアンテール"
"2-n58","どくどく"
"2-n58","だいもんじ"
"2-n59","かみつく"
"2-n59","ほえる"
"2-n59","にらみつける"
"2-n59","ひのこ"
"2-n59","すてみタックル"
"2-n59","ずつき"
"2-n59","てだすけ"
"2-n59","テレポート"
"2-n59","ねむる"
"2-n59","まもる"
"2-n59","みがわり"
"2-n59","リフレクター"
"2-n59","あなをほる"
"2-n59","おにび"
"2-n59","からげんき"
"2-n59","アイアンテール"
"2-n59","どくどく"
"2-n59","りゅうのはどう"
"2-n59","かえんほうしゃ"
"2-n59","げきりん"
"2-n59","じゃれつく"
"2-n59","ソーラービーム"
"2-n59","だいもんじ"
"2-n59","はかいこうせん"
"2-n59","ばかぢから"
"2-n59","とっしん"
"2-n59","こうそくいどう"
"2-n59","ねっぷう"
"2-n59","かみくだく"
"2-n59","フレアドライブ"
"2-n60","あわ"
"2-n60","はたく"
"2-n60","さいみんじゅつ"
"2-n60","みずでっぽう"
"2-n60","おうふくビンタ"
"2-n60","バブルこうせん"
"2-n60","けたぐり"
"2-n60","のしかかり"
"2-n60","ハイドロポンプ"
"2-n60","ずつき"
"2-n60","てだすけ"
"2-n60","ねむる"
"2-n60","まもる"
"2-n60","みがわり"
"2-n60","あなをほる"
"2-n60","からげんき"
"2-n60","たきのぼり"
"2-n60","どくどく"
"2-n60","ねっとう"
"2-n60","サイコキネシス"
"2-n60","なみのり"
"2-n60","ふぶき"
"2-n60","れいとうビーム"
"2-n61","あわ"
"2-n61","さいみんじゅつ"
"2-n61","みずでっぽう"
"2-n61","はたく"
"2-n61","おうふくビンタ"
"2-n61","バブルこうせん"
"2-n61","けたぐり"
"2-n61","のしかかり"
"2-n61","ハイドロポンプ"
"2-n61","ずつき"
"2-n61","てだすけ"
"2-n61","ねむる"
"2-n61","まもる"
"2-n61","みがわり"
"2-n61","あなをほる"
"2-n61","からげんき"
"2-n61","かわらわり"
"2-n61","ちきゅうなげ"
"2-n61","たきのぼり"
"2-n61","どくどく"
"2-n61","ねっとう"
"2-n61","れいとうパンチ"
"2-n61","サイコキネシス"
"2-n61","じしん"
"2-n61","なみのり"
"2-n61","ふぶき"
"2-n61","れいとうビーム"
"2-n62","じごくぐるま"
"2-n62","さいみんじゅつ"
"2-n62","みずでっぽう"
"2-n62","しろいきり"
"2-n62","くろいきり"
"2-n62","ビルドアップ"
"2-n62","あわ"
"2-n62","はたく"
"2-n62","ばかぢから"
"2-n62","ずつき"
"2-n62","てだすけ"
"2-n62","ねむる"
"2-n62","まもる"
"2-n62","みがわり"
"2-n62","あなをほる"
"2-n62","からげんき"
"2-n62","かわらわり"
"2-n62","ちきゅうなげ"
"2-n62","いわなだれ"
"2-n62","たきのぼり"
"2-n62","どくづき"
"2-n62","どくどく"
"2-n62","ねっとう"
"2-n62","れいとうパンチ"
"2-n62","サイコキネシス"
"2-n62","じしん"
"2-n62","なみのり"
"2-n62","はかいこうせん"
"2-n62","ふぶき"
"2-n62","れいとうビーム"
"2-n62","おうふくビンタ"
"2-n62","バブルこうせん"
"2-n62","けたぐり"
"2-n62","のしかかり"
"2-n62","ハイドロポンプ"
"2-n63","テレポート"
"2-n63","ずつき"
"2-n63","ちょうはつ"
"2-n63","ねむる"
"2-n63","ひかりのかべ"
"2-n63","まもる"
"2-n63","みがわり"
"2-n63","リフレクター"
"2-n63","からげんき"
"2-n63","ちきゅうなげ"
"2-n63","でんじは"
"2-n63","アイアンテール"
"2-n63","イカサマ"
"2-n63","かみなりパンチ"
"2-n63","どくどく"
"2-n63","トライアタック"
"2-n63","ほのおのパンチ"
"2-n63","マジカルシャイン"
"2-n63","めいそう"
"2-n63","れいとうパンチ"
"2-n63","サイコキネシス"
"2-n63","シャドーボール"
"2-n63","ゆめくい"
"2-n64","スプーンまげ"
"2-n64","サイケこうせん"
"2-n64","テレポート"
"2-n64","ねんりき"
"2-n64","かなしばり"
"2-n64","フラッシュ"
"2-n64","ナイトヘッド"
"2-n64","みがわり"
"2-n64","リフレクター"
"2-n64","じこさいせい"
"2-n64","サイコキネシス"
"2-n64","ずつき"
"2-n64","ちょうはつ"
"2-n64","ねむる"
"2-n64","ひかりのかべ"
"2-n64","まもる"
"2-n64","あなをほる"
"2-n64","からげんき"
"2-n64","ちきゅうなげ"
"2-n64","でんじは"
"2-n64","アイアンテール"
"2-n64","イカサマ"
"2-n64","かみなりパンチ"
"2-n64","どくどく"
"2-n64","トライアタック"
"2-n64","ほのおのパンチ"
"2-n64","マジカルシャイン"
"2-n64","めいそう"
"2-n64","れいとうパンチ"
"2-n64","シャドーボール"
"2-n64","ゆめくい"
"2-n65","めいそう"
"2-n65","テレポート"
"2-n65","スプーンまげ"
"2-n65","ねんりき"
"2-n65","かなしばり"
"2-n65","サイケこうせん"
"2-n65","バリアー"
"2-n65","アンコール"
"2-n65","フラッシュ"
"2-n65","ナイトヘッド"
"2-n65","みがわり"
"2-n65","リフレクター"
"2-n65","じこさいせい"
"2-n65","サイコキネシス"
"2-n65","ずつき"
"2-n65","ちょうはつ"
"2-n65","ねむる"
"2-n65","ひかりのかべ"
"2-n65","まもる"
"2-n65","あなをほる"
"2-n65","からげんき"
"2-n65","ちきゅうなげ"
"2-n65","でんじは"
"2-n65","アイアンテール"
"2-n65","イカサマ"
"2-n65","かみなりパンチ"
"2-n65","どくどく"
"2-n65","トライアタック"
"2-n65","ほのおのパンチ"
"2-n65","マジカルシャイン"
"2-n65","れいとうパンチ"
"2-n65","シャドーボール"
"2-n65","はかいこうせん"
"2-n65","ゆめくい"
"2-n65m","めいそう"
"2-n65m","テレポート"
"2-n65m","スプーンまげ"
"2-n65m","ねんりき"
"2-n65m","かなしばり"
"2-n65m","サイケこうせん"
"2-n65m","バリアー"
"2-n65m","アンコール"
"2-n65m","フラッシュ"
"2-n65m","ナイトヘッド"
"2-n65m","みがわり"
"2-n65m","リフレクター"
"2-n65m","じこさいせい"
"2-n65m","サイコキネシス"
"2-n65m","ずつき"
"2-n65m","ちょうはつ"
"2-n65m","ねむる"
"2-n65m","ひかりのかべ"
"2-n65m","まもる"
"2-n65m","あなをほる"
"2-n65m","からげんき"
"2-n65m","ちきゅうなげ"
"2-n65m","でんじは"
"2-n65m","アイアンテール"
"2-n65m","イカサマ"
"2-n65m","かみなりパンチ"
"2-n65m","どくどく"
"2-n65m","トライアタック"
"2-n65m","ほのおのパンチ"
"2-n65m","マジカルシャイン"
"2-n65m","れいとうパンチ"
"2-n65m","シャドーボール"
"2-n65m","はかいこうせん"
"2-n65m","ゆめくい"
"2-n66","けたぐり"
"2-n66","にらみつける"
"2-n66","きあいだめ"
"2-n66","がまん"
"2-n66","ちきゅうなげ"
"2-n66","からてチョップ"
"2-n66","かわらわり"
"2-n66","じごくぐるま"
"2-n66","ビルドアップ"
"2-n66","ばかぢから"
"2-n66","ずつき"
"2-n66","てだすけ"
"2-n66","ねむる"
"2-n66","ひかりのかべ"
"2-n66","まもる"
"2-n66","みがわり"
"2-n66","あなをほる"
"2-n66","からげんき"
"2-n66","いわなだれ"
"2-n66","かみなりパンチ"
"2-n66","どくづき"
"2-n66","どくどく"
"2-n66","ほのおのパンチ"
"2-n66","れいとうパンチ"
"2-n66","かえんほうしゃ"
"2-n66","じしん"
"2-n66","だいもんじ"
"2-n67","けたぐり"
"2-n67","にらみつける"
"2-n67","きあいだめ"
"2-n67","がまん"
"2-n67","ちきゅうなげ"
"2-n67","からてチョップ"
"2-n67","かわらわり"
"2-n67","じごくぐるま"
"2-n67","ビルドアップ"
"2-n67","ばかぢから"
"2-n67","ずつき"
"2-n67","てだすけ"
"2-n67","ねむる"
"2-n67","ひかりのかべ"
"2-n67","まもる"
"2-n67","みがわり"
"2-n67","あなをほる"
"2-n67","からげんき"
"2-n67","いわなだれ"
"2-n67","かみなりパンチ"
"2-n67","どくづき"
"2-n67","どくどく"
"2-n67","ほのおのパンチ"
"2-n67","れいとうパンチ"
"2-n67","かえんほうしゃ"
"2-n67","じしん"
"2-n67","だいもんじ"
"2-n68","かいりき"
"2-n68","けたぐり"
"2-n68","にらみつける"
"2-n68","きあいだめ"
"2-n68","アンコール"
"2-n68","カウンター"
"2-n68","がまん"
"2-n68","ちきゅうなげ"
"2-n68","からてチョップ"
"2-n68","かわらわり"
"2-n68","じごくぐるま"
"2-n68","ビルドアップ"
"2-n68","ばかぢから"
"2-n68","ずつき"
"2-n68","てだすけ"
"2-n68","ねむる"
"2-n68","ひかりのかべ"
"2-n68","まもる"
"2-n68","みがわり"
"2-n68","あなをほる"
"2-n68","からげんき"
"2-n68","いわなだれ"
"2-n68","かみなりパンチ"
"2-n68","どくづき"
"2-n68","どくどく"
"2-n68","ほのおのパンチ"
"2-n68","れいとうパンチ"
"2-n68","かえんほうしゃ"
"2-n68","じしん"
"2-n68","だいもんじ"
"2-n68","はかいこうせん"
"2-n69","つるのムチ"
"2-n69","せいちょう"
"2-n69","まきつく"
"2-n69","ようかいえき"
"2-n69","ねむりごな"
"2-n69","どくのこな"
"2-n69","しびれごな"
"2-n69","はっぱカッター"
"2-n69","どくづき"
"2-n69","たたきつける"
"2-n69","ずつき"
"2-n69","ねむる"
"2-n69","まもる"
"2-n69","みがわり"
"2-n69","リフレクター"
"2-n69","からげんき"
"2-n69","どくどく"
"2-n69","ソーラービーム"
"2-n69","ヘドロばくだん"
"2-n69","メガドレイン"
"2-n70","つるのムチ"
"2-n70","せいちょう"
"2-n70","まきつく"
"2-n70","ようかいえき"
"2-n70","ねむりごな"
"2-n70","どくのこな"
"2-n70","しびれごな"
"2-n70","はっぱカッター"
"2-n70","どくづき"
"2-n70","たたきつける"
"2-n70","ずつき"
"2-n70","ねむる"
"2-n70","まもる"
"2-n70","みがわり"
"2-n70","リフレクター"
"2-n70","からげんき"
"2-n70","どくどく"
"2-n70","ソーラービーム"
"2-n70","ヘドロばくだん"
"2-n70","メガドレイン"
"2-n71","つるのムチ"
"2-n71","パワーウィップ"
"2-n71","クリアスモッグ"
"2-n71","きゅうけつ"
"2-n71","つるぎのまい"
"2-n71","ふいうち"
"2-n71","せいちょう"
"2-n71","まきつく"
"2-n71","ようかいえき"
"2-n71","ずつき"
"2-n71","ねむる"
"2-n71","まもる"
"2-n71","みがわり"
"2-n71","リフレクター"
"2-n71","からげんき"
"2-n71","どくづき"
"2-n71","どくどく"
"2-n71","ソーラービーム"
"2-n71","はかいこうせん"
"2-n71","ヘドロばくだん"
"2-n71","メガドレイン"
"2-n71","ねむりごな"
"2-n71","どくのこな"
"2-n71","しびれごな"
"2-n71","はっぱカッター"
"2-n71","たたきつける"
"2-n72","どくばり"
"2-n72","からみつく"
"2-n72","ちょうおんぱ"
"2-n72","ようかいえき"
"2-n72","バブルこうせん"
"2-n72","まきつく"
"2-n72","なみのり"
"2-n72","バリアー"
"2-n72","どくづき"
"2-n72","いやなおと"
"2-n72","ハイドロポンプ"
"2-n72","ずつき"
"2-n72","ねむる"
"2-n72","まもる"
"2-n72","みがわり"
"2-n72","リフレクター"
"2-n72","からげんき"
"2-n72","たきのぼり"
"2-n72","どくどく"
"2-n72","ねっとう"
"2-n72","マジカルシャイン"
"2-n72","ふぶき"
"2-n72","ヘドロばくだん"
"2-n72","メガドレイン"
"2-n72","れいとうビーム"
"2-n73","どくばり"
"2-n73","ちょうおんぱ"
"2-n73","からみつく"
"2-n73","ようかいえき"
"2-n73","くろいきり"
"2-n73","ミラーコート"
"2-n73","バブルこうせん"
"2-n73","まきつく"
"2-n73","なみのり"
"2-n73","バリアー"
"2-n73","どくづき"
"2-n73","いやなおと"
"2-n73","ハイドロポンプ"
"2-n73","ずつき"
"2-n73","ねむる"
"2-n73","まもる"
"2-n73","みがわり"
"2-n73","リフレクター"
"2-n73","からげんき"
"2-n73","たきのぼり"
"2-n73","どくどく"
"2-n73","ねっとう"
"2-n73","マジカルシャイン"
"2-n73","はかいこうせん"
"2-n73","ふぶき"
"2-n73","ヘドロばくだん"
"2-n73","メガドレイン"
"2-n73","れいとうビーム"
"2-n74","たいあたり"
"2-n74","まるくなる"
"2-n74","すなかけ"
"2-n74","がまん"
"2-n74","いわおとし"
"2-n74","ステルスロック"
"2-n74","とっしん"
"2-n74","じばく"
"2-n74","いわなだれ"
"2-n74","じしん"
"2-n74","すてみタックル"
"2-n74","だいばくはつ"
"2-n74","ずつき"
"2-n74","ねむる"
"2-n74","まもる"
"2-n74","みがわり"
"2-n74","あなをほる"
"2-n74","からげんき"
"2-n74","かわらわり"
"2-n74","ちきゅうなげ"
"2-n74","かみなりパンチ"
"2-n74","どくどく"
"2-n74","ほのおのパンチ"
"2-n74","かえんほうしゃ"
"2-n74","だいもんじ"
"2-n74","ばかぢから"
"2-n74a","たいあたり"
"2-n74a","まるくなる"
"2-n74a","でんきショック"
"2-n74a","がまん"
"2-n74a","いわおとし"
"2-n74a","ステルスロック"
"2-n74a","とっしん"
"2-n74a","じばく"
"2-n74a","いわなだれ"
"2-n74a","かみなりパンチ"
"2-n74a","すてみタックル"
"2-n74a","だいばくはつ"
"2-n74a","ずつき"
"2-n74a","ねむる"
"2-n74a","まもる"
"2-n74a","みがわり"
"2-n74a","あなをほる"
"2-n74a","からげんき"
"2-n74a","かわらわり"
"2-n74a","ちきゅうなげ"
"2-n74a","でんじは"
"2-n74a","どくどく"
"2-n74a","ほのおのパンチ"
"2-n74a","10まんボルト"
"2-n74a","かえんほうしゃ"
"2-n74a","かみなり"
"2-n74a","じしん"
"2-n74a","だいもんじ"
"2-n74a","ばかぢから"
"2-n75","たいあたり"
"2-n75","まるくなる"
"2-n75","すなかけ"
"2-n75","がまん"
"2-n75","いわおとし"
"2-n75","ステルスロック"
"2-n75","とっしん"
"2-n75","じばく"
"2-n75","いわなだれ"
"2-n75","じしん"
"2-n75","すてみタックル"
"2-n75","だいばくはつ"
"2-n75","ずつき"
"2-n75","ねむる"
"2-n75","まもる"
"2-n75","みがわり"
"2-n75","あなをほる"
"2-n75","からげんき"
"2-n75","かわらわり"
"2-n75","ちきゅうなげ"
"2-n75","かみなりパンチ"
"2-n75","どくどく"
"2-n75","ほのおのパンチ"
"2-n75","かえんほうしゃ"
"2-n75","だいもんじ"
"2-n75","ばかぢから"
"2-n75a","たいあたり"
"2-n75a","まるくなる"
"2-n75a","でんきショック"
"2-n75a","がまん"
"2-n75a","いわおとし"
"2-n75a","ステルスロック"
"2-n75a","とっしん"
"2-n75a","じばく"
"2-n75a","いわなだれ"
"2-n75a","かみなりパンチ"
"2-n75a","すてみタックル"
"2-n75a","だいばくはつ"
"2-n75a","ずつき"
"2-n75a","ねむる"
"2-n75a","まもる"
"2-n75a","みがわり"
"2-n75a","あなをほる"
"2-n75a","からげんき"
"2-n75a","かわらわり"
"2-n75a","ちきゅうなげ"
"2-n75a","でんじは"
"2-n75a","どくどく"
"2-n75a","ほのおのパンチ"
"2-n75a","10まんボルト"
"2-n75a","かえんほうしゃ"
"2-n75a","かみなり"
"2-n75a","じしん"
"2-n75a","だいもんじ"
"2-n75a","ばかぢから"
"2-n76","たいあたり"
"2-n76","まるくなる"
"2-n76","メガトンパンチ"
"2-n76","すなかけ"
"2-n76","がまん"
"2-n76","いわおとし"
"2-n76","ステルスロック"
"2-n76","とっしん"
"2-n76","じばく"
"2-n76","いわなだれ"
"2-n76","じしん"
"2-n76","すてみタックル"
"2-n76","だいばくはつ"
"2-n76","ずつき"
"2-n76","ねむる"
"2-n76","まもる"
"2-n76","みがわり"
"2-n76","あなをほる"
"2-n76","からげんき"
"2-n76","かわらわり"
"2-n76","ちきゅうなげ"
"2-n76","かみなりパンチ"
"2-n76","どくどく"
"2-n76","ほのおのパンチ"
"2-n76","かえんほうしゃ"
"2-n76","だいもんじ"
"2-n76","はかいこうせん"
"2-n76","ばかぢから"
"2-n76a","たいあたり"
"2-n76a","まるくなる"
"2-n76a","メガトンパンチ"
"2-n76a","でんきショック"
"2-n76a","がまん"
"2-n76a","いわおとし"
"2-n76a","ステルスロック"
"2-n76a","とっしん"
"2-n76a","じばく"
"2-n76a","いわなだれ"
"2-n76a","かみなりパンチ"
"2-n76a","すてみタックル"
"2-n76a","だいばくはつ"
"2-n76a","ずつき"
"2-n76a","ねむる"
"2-n76a","まもる"
"2-n76a","みがわり"
"2-n76a","あなをほる"
"2-n76a","からげんき"
"2-n76a","かわらわり"
"2-n76a","ちきゅうなげ"
"2-n76a","でんじは"
"2-n76a","どくどく"
"2-n76a","ほのおのパンチ"
"2-n76a","10まんボルト"
"2-n76a","かえんほうしゃ"
"2-n76a","かみなり"
"2-n76a","じしん"
"2-n76a","だいもんじ"
"2-n76a","はかいこうせん"
"2-n76a","ばかぢから"
"2-n77","たいあたり"
"2-n77","なきごえ"
"2-n77","しっぽをふる"
"2-n77","ひのこ"
"2-n77","でんこうせっか"
"2-n77","にどげり"
"2-n77","ふみつけ"
"2-n77","ほのおのうず"
"2-n77","こうそくいどう"
"2-n77","だいもんじ"
"2-n77","とっしん"
"2-n77","フレアドライブ"
"2-n77","ずつき"
"2-n77","ねむる"
"2-n77","まもる"
"2-n77","みがわり"
"2-n77","リフレクター"
"2-n77","おにび"
"2-n77","からげんき"
"2-n77","アイアンテール"
"2-n77","どくどく"
"2-n77","かえんほうしゃ"
"2-n77","ソーラービーム"
"2-n78","みだれづき"
"2-n78","どくづき"
"2-n78","メガホーン"
"2-n78","なきごえ"
"2-n78","しっぽをふる"
"2-n78","ひのこ"
"2-n78","たいあたり"
"2-n78","つのドリル"
"2-n78","さいみんじゅつ"
"2-n78","でんこうせっか"
"2-n78","にどげり"
"2-n78","ふみつけ"
"2-n78","ほのおのうず"
"2-n78","こうそくいどう"
"2-n78","だいもんじ"
"2-n78","とっしん"
"2-n78","フレアドライブ"
"2-n78","ずつき"
"2-n78","ねむる"
"2-n78","まもる"
"2-n78","みがわり"
"2-n78","リフレクター"
"2-n78","おにび"
"2-n78","からげんき"
"2-n78","アイアンテール"
"2-n78","どくどく"
"2-n78","かえんほうしゃ"
"2-n78","ソーラービーム"
"2-n78","はかいこうせん"
"2-n78","ドリルライナー"
"2-n79","あくび"
"2-n79","たいあたり"
"2-n79","なきごえ"
"2-n79","みずでっぽう"
"2-n79","ねんりき"
"2-n79","かなしばり"
"2-n79","ねむる"
"2-n79","なみのり"
"2-n79","サイコキネシス"
"2-n79","ドわすれ"
"2-n79","ずつき"
"2-n79","テレポート"
"2-n79","ひかりのかべ"
"2-n79","まもる"
"2-n79","みがわり"
"2-n79","リフレクター"
"2-n79","あなをほる"
"2-n79","からげんき"
"2-n79","でんじは"
"2-n79","アイアンテール"
"2-n79","どくどく"
"2-n79","トライアタック"
"2-n79","ねっとう"
"2-n79","めいそう"
"2-n79","かえんほうしゃ"
"2-n79","じしん"
"2-n79","シャドーボール"
"2-n79","だいもんじ"
"2-n79","ふぶき"
"2-n79","れいとうビーム"
"2-n79","ネコにこばん"
"2-n79","ゆめくい"
"2-n80","からにこもる"
"2-n80","あくび"
"2-n80","たいあたり"
"2-n80","なきごえ"
"2-n80","みずでっぽう"
"2-n80","ふみつけ"
"2-n80","ねんりき"
"2-n80","かなしばり"
"2-n80","ねむる"
"2-n80","なみのり"
"2-n80","サイコキネシス"
"2-n80","ドわすれ"
"2-n80","ずつき"
"2-n80","テレポート"
"2-n80","ひかりのかべ"
"2-n80","まもる"
"2-n80","みがわり"
"2-n80","リフレクター"
"2-n80","あなをほる"
"2-n80","からげんき"
"2-n80","かわらわり"
"2-n80","ちきゅうなげ"
"2-n80","でんじは"
"2-n80","アイアンテール"
"2-n80","イカサマ"
"2-n80","どくどく"
"2-n80","トライアタック"
"2-n80","ねっとう"
"2-n80","めいそう"
"2-n80","れいとうパンチ"
"2-n80","かえんほうしゃ"
"2-n80","じしん"
"2-n80","シャドーボール"
"2-n80","だいもんじ"
"2-n80","はかいこうせん"
"2-n80","ふぶき"
"2-n80","れいとうビーム"
"2-n80","ネコにこばん"
"2-n80","ゆめくい"
"2-n80m","からにこもる"
"2-n80m","あくび"
"2-n80m","たいあたり"
"2-n80m","なきごえ"
"2-n80m","みずでっぽう"
"2-n80m","ふみつけ"
"2-n80m","ねんりき"
"2-n80m","かなしばり"
"2-n80m","ねむる"
"2-n80m","なみのり"
"2-n80m","サイコキネシス"
"2-n80m","ドわすれ"
"2-n80m","ずつき"
"2-n80m","テレポート"
"2-n80m","ひかりのかべ"
"2-n80m","まもる"
"2-n80m","みがわり"
"2-n80m","リフレクター"
"2-n80m","あなをほる"
"2-n80m","からげんき"
"2-n80m","かわらわり"
"2-n80m","ちきゅうなげ"
"2-n80m","でんじは"
"2-n80m","アイアンテール"
"2-n80m","イカサマ"
"2-n80m","どくどく"
"2-n80m","トライアタック"
"2-n80m","ねっとう"
"2-n80m","めいそう"
"2-n80m","れいとうパンチ"
"2-n80m","かえんほうしゃ"
"2-n80m","じしん"
"2-n80m","シャドーボール"
"2-n80m","だいもんじ"
"2-n80m","はかいこうせん"
"2-n80m","ふぶき"
"2-n80m","れいとうビーム"
"2-n80m","ネコにこばん"
"2-n80m","ゆめくい"
"2-n81","たいあたり"
"2-n81","ちょうおんぱ"
"2-n81","でんきショック"
"2-n81","でんじは"
"2-n81","ソニックブーム"
"2-n81","ひかりのかべ"
"2-n81","10まんボルト"
"2-n81","いやなおと"
"2-n81","ラスターカノン"
"2-n81","かみなり"
"2-n81","ずつき"
"2-n81","テレポート"
"2-n81","ねむる"
"2-n81","まもる"
"2-n81","みがわり"
"2-n81","リフレクター"
"2-n81","からげんき"
"2-n81","どくどく"
"2-n82","トライアタック"
"2-n82","たいあたり"
"2-n82","でんきショック"
"2-n82","ちょうおんぱ"
"2-n82","でんじは"
"2-n82","ソニックブーム"
"2-n82","ひかりのかべ"
"2-n82","10まんボルト"
"2-n82","いやなおと"
"2-n82","ラスターカノン"
"2-n82","かみなり"
"2-n82","ずつき"
"2-n82","テレポート"
"2-n82","ねむる"
"2-n82","まもる"
"2-n82","みがわり"
"2-n82","リフレクター"
"2-n82","からげんき"
"2-n82","どくどく"
"2-n82","はかいこうせん"
"2-n83","どくづき"
"2-n83","つつく"
"2-n83","すなかけ"
"2-n83","にらみつける"
"2-n83","オウムがえし"
"2-n83","でんこうせっか"
"2-n83","フェイント"
"2-n83","きあいだめ"
"2-n83","いあいぎり"
"2-n83","はっぱカッター"
"2-n83","みだれづき"
"2-n83","こうそくいどう"
"2-n83","きりさく"
"2-n83","エアスラッシュ"
"2-n83","つるぎのまい"
"2-n83","ゴッドバード"
"2-n83","ずつき"
"2-n83","てだすけ"
"2-n83","ねむる"
"2-n83","まもる"
"2-n83","みがわり"
"2-n83","リフレクター"
"2-n83","からげんき"
"2-n83","そらをとぶ"
"2-n83","とんぼがえり"
"2-n83","アイアンテール"
"2-n83","どくどく"
"2-n83","はねやすめ"
"2-n84","つつく"
"2-n84","なきごえ"
"2-n84","でんこうせっか"
"2-n84","いかり"
"2-n84","みだれづき"
"2-n84","こうそくいどう"
"2-n84","ドリルくちばし"
"2-n84","つるぎのまい"
"2-n84","とびげり"
"2-n84","あばれる"
"2-n84","ずつき"
"2-n84","ねむる"
"2-n84","まもる"
"2-n84","みがわり"
"2-n84","リフレクター"
"2-n84","からげんき"
"2-n84","そらをとぶ"
"2-n84","どくどく"
"2-n84","はねやすめ"
"2-n85","トライアタック"
"2-n85","つつく"
"2-n85","なきごえ"
"2-n85","でんこうせっか"
"2-n85","いかり"
"2-n85","オウムがえし"
"2-n85","ちょうおんぱ"
"2-n85","みだれづき"
"2-n85","こうそくいどう"
"2-n85","ドリルくちばし"
"2-n85","つるぎのまい"
"2-n85","とびげり"
"2-n85","あばれる"
"2-n85","ずつき"
"2-n85","ちょうはつ"
"2-n85","ねむる"
"2-n85","まもる"
"2-n85","みがわり"
"2-n85","リフレクター"
"2-n85","からげんき"
"2-n85","そらをとぶ"
"2-n85","どくどく"
"2-n85","はかいこうせん"
"2-n85","はねやすめ"
"2-n86","ずつき"
"2-n86","なきごえ"
"2-n86","アンコール"
"2-n86","アクアジェット"
"2-n86","こおりのつぶて"
"2-n86","ねむる"
"2-n86","オーロラビーム"
"2-n86","たきのぼり"
"2-n86","とっしん"
"2-n86","れいとうビーム"
"2-n86","すてみタックル"
"2-n86","てだすけ"
"2-n86","まもる"
"2-n86","みがわり"
"2-n86","からげんき"
"2-n86","アイアンテール"
"2-n86","どくどく"
"2-n86","なみのり"
"2-n86","ふぶき"
"2-n86","ネコにこばん"
"2-n86","ドリルライナー"
"2-n86","メガホーン"
"2-n87","ずつき"
"2-n87","なきごえ"
"2-n87","ねこだまし"
"2-n87","つのドリル"
"2-n87","アンコール"
"2-n87","アクアジェット"
"2-n87","こおりのつぶて"
"2-n87","ねむる"
"2-n87","オーロラビーム"
"2-n87","たきのぼり"
"2-n87","とっしん"
"2-n87","れいとうビーム"
"2-n87","すてみタックル"
"2-n87","てだすけ"
"2-n87","まもる"
"2-n87","みがわり"
"2-n87","からげんき"
"2-n87","アイアンテール"
"2-n87","どくどく"
"2-n87","なみのり"
"2-n87","はかいこうせん"
"2-n87","ふぶき"
"2-n87","ネコにこばん"
"2-n87","ドリルライナー"
"2-n87","メガホーン"
"2-n88","どくガス"
"2-n88","はたく"
"2-n88","かたくなる"
"2-n88","ちいさくなる"
"2-n88","かなしばり"
"2-n88","ヘドロこうげき"
"2-n88","いやなおと"
"2-n88","どくどく"
"2-n88","とける"
"2-n88","ヘドロばくだん"
"2-n88","ずつき"
"2-n88","ちょうはつ"
"2-n88","てだすけ"
"2-n88","ねむる"
"2-n88","まもる"
"2-n88","みがわり"
"2-n88","あなをほる"
"2-n88","からげんき"
"2-n88","いわなだれ"
"2-n88","かみなりパンチ"
"2-n88","どくづき"
"2-n88","ほのおのパンチ"
"2-n88","れいとうパンチ"
"2-n88","10まんボルト"
"2-n88","かえんほうしゃ"
"2-n88","かみなり"
"2-n88","じばく"
"2-n88","シャドーボール"
"2-n88","だいもんじ"
"2-n88","メガドレイン"
"2-n88a","はたく"
"2-n88a","どくガス"
"2-n88a","かたくなる"
"2-n88a","ちいさくなる"
"2-n88a","かなしばり"
"2-n88a","かみつく"
"2-n88a","いやなおと"
"2-n88a","かみくだく"
"2-n88a","とける"
"2-n88a","ヘドロばくだん"
"2-n88a","ずつき"
"2-n88a","ちょうはつ"
"2-n88a","てだすけ"
"2-n88a","ねむる"
"2-n88a","まもる"
"2-n88a","みがわり"
"2-n88a","あなをほる"
"2-n88a","からげんき"
"2-n88a","いわなだれ"
"2-n88a","かみなりパンチ"
"2-n88a","どくづき"
"2-n88a","どくどく"
"2-n88a","ほのおのパンチ"
"2-n88a","れいとうパンチ"
"2-n88a","かえんほうしゃ"
"2-n88a","じばく"
"2-n88a","シャドーボール"
"2-n88a","だいもんじ"
"2-n88a","メガドレイン"
"2-n89","どくガス"
"2-n89","はたく"
"2-n89","かたくなる"
"2-n89","くろいきり"
"2-n89","ムーンフォース"
"2-n89","ちいさくなる"
"2-n89","かなしばり"
"2-n89","ヘドロこうげき"
"2-n89","いやなおと"
"2-n89","どくどく"
"2-n89","とける"
"2-n89","ヘドロばくだん"
"2-n89","ずつき"
"2-n89","ちょうはつ"
"2-n89","てだすけ"
"2-n89","ねむる"
"2-n89","まもる"
"2-n89","みがわり"
"2-n89","あなをほる"
"2-n89","からげんき"
"2-n89","かわらわり"
"2-n89","あくのはどう"
"2-n89","いわなだれ"
"2-n89","かみなりパンチ"
"2-n89","どくづき"
"2-n89","ほのおのパンチ"
"2-n89","れいとうパンチ"
"2-n89","10まんボルト"
"2-n89","かえんほうしゃ"
"2-n89","かみなり"
"2-n89","じばく"
"2-n89","シャドーボール"
"2-n89","だいもんじ"
"2-n89","はかいこうせん"
"2-n89","メガドレイン"
"2-n89a","はたく"
"2-n89a","どくガス"
"2-n89a","かたくなる"
"2-n89a","くろいきり"
"2-n89a","ムーンフォース"
"2-n89a","ちいさくなる"
"2-n89a","かなしばり"
"2-n89a","かみつく"
"2-n89a","いやなおと"
"2-n89a","かみくだく"
"2-n89a","とける"
"2-n89a","ヘドロばくだん"
"2-n89a","ずつき"
"2-n89a","ちょうはつ"
"2-n89a","てだすけ"
"2-n89a","ねむる"
"2-n89a","まもる"
"2-n89a","みがわり"
"2-n89a","あなをほる"
"2-n89a","からげんき"
"2-n89a","かわらわり"
"2-n89a","あくのはどう"
"2-n89a","イカサマ"
"2-n89a","いわなだれ"
"2-n89a","かみなりパンチ"
"2-n89a","どくづき"
"2-n89a","どくどく"
"2-n89a","ほのおのパンチ"
"2-n89a","れいとうパンチ"
"2-n89a","かえんほうしゃ"
"2-n89a","じばく"
"2-n89a","シャドーボール"
"2-n89a","だいもんじ"
"2-n89a","はかいこうせん"
"2-n89a","メガドレイン"
"2-n90","たいあたり"
"2-n90","みずでっぽう"
"2-n90","からにこもる"
"2-n90","にらみつける"
"2-n90","こおりのつぶて"
"2-n90","ちょうおんぱ"
"2-n90","からではさむ"
"2-n90","オーロラビーム"
"2-n90","まもる"
"2-n90","れいとうビーム"
"2-n90","からをやぶる"
"2-n90","ハイドロポンプ"
"2-n90","ずつき"
"2-n90","テレポート"
"2-n90","ねむる"
"2-n90","みがわり"
"2-n90","リフレクター"
"2-n90","からげんき"
"2-n90","どくどく"
"2-n90","トライアタック"
"2-n90","じばく"
"2-n90","なみのり"
"2-n90","ふぶき"
"2-n91","とげキャノン"
"2-n91","からにこもる"
"2-n91","バリアー"
"2-n91","ダブルニードル"
"2-n91","たいあたり"
"2-n91","みずでっぽう"
"2-n91","にらみつける"
"2-n91","ずつき"
"2-n91","テレポート"
"2-n91","ねむる"
"2-n91","まもる"
"2-n91","みがわり"
"2-n91","リフレクター"
"2-n91","からげんき"
"2-n91","どくづき"
"2-n91","どくどく"
"2-n91","トライアタック"
"2-n91","じばく"
"2-n91","なみのり"
"2-n91","はかいこうせん"
"2-n91","ふぶき"
"2-n91","れいとうビーム"
"2-n91","こおりのつぶて"
"2-n91","ちょうおんぱ"
"2-n91","からではさむ"
"2-n91","オーロラビーム"
"2-n91","からをやぶる"
"2-n91","ハイドロポンプ"
"2-n92","さいみんじゅつ"
"2-n92","したでなめる"
"2-n92","スモッグ"
"2-n92","あやしいひかり"
"2-n92","どくガス"
"2-n92","ナイトヘッド"
"2-n92","おにび"
"2-n92","ふいうち"
"2-n92","どくどく"
"2-n92","シャドーボール"
"2-n92","あくのはどう"
"2-n92","ゆめくい"
"2-n92","ずつき"
"2-n92","ちょうはつ"
"2-n92","ねむる"
"2-n92","まもる"
"2-n92","みがわり"
"2-n92","からげんき"
"2-n92","イカサマ"
"2-n92","かみなりパンチ"
"2-n92","ほのおのパンチ"
"2-n92","マジカルシャイン"
"2-n92","れいとうパンチ"
"2-n92","10まんボルト"
"2-n92","かみなり"
"2-n92","サイコキネシス"
"2-n92","じばく"
"2-n92","ヘドロばくだん"
"2-n92","メガドレイン"
"2-n93","さいみんじゅつ"
"2-n93","したでなめる"
"2-n93","あやしいひかり"
"2-n93","スモッグ"
"2-n93","どくガス"
"2-n93","ナイトヘッド"
"2-n93","おにび"
"2-n93","ふいうち"
"2-n93","どくどく"
"2-n93","シャドーボール"
"2-n93","あくのはどう"
"2-n93","ゆめくい"
"2-n93","ずつき"
"2-n93","ちょうはつ"
"2-n93","ねむる"
"2-n93","まもる"
"2-n93","みがわり"
"2-n93","からげんき"
"2-n93","イカサマ"
"2-n93","かみなりパンチ"
"2-n93","どくづき"
"2-n93","ほのおのパンチ"
"2-n93","マジカルシャイン"
"2-n93","れいとうパンチ"
"2-n93","10まんボルト"
"2-n93","かみなり"
"2-n93","サイコキネシス"
"2-n93","じばく"
"2-n93","ヘドロばくだん"
"2-n93","メガドレイン"
"2-n94","さいみんじゅつ"
"2-n94","したでなめる"
"2-n94","あやしいひかり"
"2-n94","かなしばり"
"2-n94","くろいきり"
"2-n94","スモッグ"
"2-n94","どくガス"
"2-n94","ナイトヘッド"
"2-n94","おにび"
"2-n94","ふいうち"
"2-n94","どくどく"
"2-n94","シャドーボール"
"2-n94","あくのはどう"
"2-n94","ゆめくい"
"2-n94","ずつき"
"2-n94","ちょうはつ"
"2-n94","ねむる"
"2-n94","まもる"
"2-n94","みがわり"
"2-n94","からげんき"
"2-n94","かわらわり"
"2-n94","ちきゅうなげ"
"2-n94","イカサマ"
"2-n94","かみなりパンチ"
"2-n94","どくづき"
"2-n94","ほのおのパンチ"
"2-n94","マジカルシャイン"
"2-n94","れいとうパンチ"
"2-n94","10まんボルト"
"2-n94","かみなり"
"2-n94","サイコキネシス"
"2-n94","じばく"
"2-n94","はかいこうせん"
"2-n94","ヘドロばくだん"
"2-n94","メガドレイン"
"2-n94m","さいみんじゅつ"
"2-n94m","したでなめる"
"2-n94m","あやしいひかり"
"2-n94m","かなしばり"
"2-n94m","くろいきり"
"2-n94m","スモッグ"
"2-n94m","どくガス"
"2-n94m","ナイトヘッド"
"2-n94m","おにび"
"2-n94m","ふいうち"
"2-n94m","どくどく"
"2-n94m","シャドーボール"
"2-n94m","あくのはどう"
"2-n94m","ゆめくい"
"2-n94m","ずつき"
"2-n94m","ちょうはつ"
"2-n94m","ねむる"
"2-n94m","まもる"
"2-n94m","みがわり"
"2-n94m","からげんき"
"2-n94m","かわらわり"
"2-n94m","ちきゅうなげ"
"2-n94m","イカサマ"
"2-n94m","かみなりパンチ"
"2-n94m","どくづき"
"2-n94m","ほのおのパンチ"
"2-n94m","マジカルシャイン"
"2-n94m","れいとうパンチ"
"2-n94m","10まんボルト"
"2-n94m","かみなり"
"2-n94m","サイコキネシス"
"2-n94m","じばく"
"2-n94m","はかいこうせん"
"2-n94m","ヘドロばくだん"
"2-n94m","メガドレイン"
"2-n95","たいあたり"
"2-n95","かたくなる"
"2-n95","しめつける"
"2-n95","いわおとし"
"2-n95","ステルスロック"
"2-n95","いかり"
"2-n95","いやなおと"
"2-n95","あなをほる"
"2-n95","たたきつける"
"2-n95","いわなだれ"
"2-n95","じしん"
"2-n95","アイアンテール"
"2-n95","すてみタックル"
"2-n95","ずつき"
"2-n95","ちょうはつ"
"2-n95","ねむる"
"2-n95","まもる"
"2-n95","みがわり"
"2-n95","からげんき"
"2-n95","ドラゴンテール"
"2-n95","どくどく"
"2-n95","りゅうのはどう"
"2-n95","じばく"
"2-n95","ラスターカノン"
"2-n96","はたく"
"2-n96","さいみんじゅつ"
"2-n96","かなしばり"
"2-n96","ねんりき"
"2-n96","どくガス"
"2-n96","ヨガのポーズ"
"2-n96","サイケこうせん"
"2-n96","ずつき"
"2-n96","サイコキネシス"
"2-n96","わるだくみ"
"2-n96","ゆめくい"
"2-n96","ちょうはつ"
"2-n96","テレポート"
"2-n96","ねむる"
"2-n96","ひかりのかべ"
"2-n96","まもる"
"2-n96","みがわり"
"2-n96","リフレクター"
"2-n96","からげんき"
"2-n96","かわらわり"
"2-n96","ちきゅうなげ"
"2-n96","でんじは"
"2-n96","イカサマ"
"2-n96","かみなりパンチ"
"2-n96","どくどく"
"2-n96","トライアタック"
"2-n96","ほのおのパンチ"
"2-n96","マジカルシャイン"
"2-n96","めいそう"
"2-n96","れいとうパンチ"
"2-n96","シャドーボール"
"2-n97","はたく"
"2-n97","さいみんじゅつ"
"2-n97","かなしばり"
"2-n97","ねんりき"
"2-n97","バリアー"
"2-n97","どくガス"
"2-n97","ヨガのポーズ"
"2-n97","サイケこうせん"
"2-n97","ずつき"
"2-n97","サイコキネシス"
"2-n97","わるだくみ"
"2-n97","ゆめくい"
"2-n97","ちょうはつ"
"2-n97","テレポート"
"2-n97","ねむる"
"2-n97","ひかりのかべ"
"2-n97","まもる"
"2-n97","みがわり"
"2-n97","リフレクター"
"2-n97","からげんき"
"2-n97","かわらわり"
"2-n97","ちきゅうなげ"
"2-n97","でんじは"
"2-n97","イカサマ"
"2-n97","かみなりパンチ"
"2-n97","どくどく"
"2-n97","トライアタック"
"2-n97","ほのおのパンチ"
"2-n97","マジカルシャイン"
"2-n97","めいそう"
"2-n97","れいとうパンチ"
"2-n97","シャドーボール"
"2-n97","はかいこうせん"
"2-n98","あわ"
"2-n98","はさむ"
"2-n98","にらみつける"
"2-n98","かたくなる"
"2-n98","バブルこうせん"
"2-n98","ふみつけ"
"2-n98","まもる"
"2-n98","たたきつける"
"2-n98","クラブハンマー"
"2-n98","ハサミギロチン"
"2-n98","ずつき"
"2-n98","ねむる"
"2-n98","みがわり"
"2-n98","あなをほる"
"2-n98","からげんき"
"2-n98","かわらわり"
"2-n98","いわなだれ"
"2-n98","シザークロス"
"2-n98","どくどく"
"2-n98","ねっとう"
"2-n98","なみのり"
"2-n98","ばかぢから"
"2-n98","ふぶき"
"2-n98","れいとうビーム"
"2-n99","あわ"
"2-n99","はさむ"
"2-n99","にらみつける"
"2-n99","かたくなる"
"2-n99","こうそくいどう"
"2-n99","ドわすれ"
"2-n99","バブルこうせん"
"2-n99","ふみつけ"
"2-n99","まもる"
"2-n99","たたきつける"
"2-n99","クラブハンマー"
"2-n99","ハサミギロチン"
"2-n99","ずつき"
"2-n99","ねむる"
"2-n99","みがわり"
"2-n99","あなをほる"
"2-n99","からげんき"
"2-n99","かわらわり"
"2-n99","いわなだれ"
"2-n99","シザークロス"
"2-n99","どくどく"
"2-n99","ねっとう"
"2-n99","なみのり"
"2-n99","はかいこうせん"
"2-n99","ばかぢから"
"2-n99","ふぶき"
"2-n99","れいとうビーム"
"2-n100","たいあたり"
"2-n100","ひかりのかべ"
"2-n100","ソニックブーム"
"2-n100","でんきショック"
"2-n100","スピードスター"
"2-n100","じばく"
"2-n100","いやなおと"
"2-n100","10まんボルト"
"2-n100","ミラーコート"
"2-n100","だいばくはつ"
"2-n100","ずつき"
"2-n100","ちょうはつ"
"2-n100","テレポート"
"2-n100","ねむる"
"2-n100","まもる"
"2-n100","みがわり"
"2-n100","リフレクター"
"2-n100","からげんき"
"2-n100","でんじは"
"2-n100","イカサマ"
"2-n100","どくどく"
"2-n100","かみなり"
"2-n101","たいあたり"
"2-n101","ソニックブーム"
"2-n101","ひかりのかべ"
"2-n101","でんきショック"
"2-n101","スピードスター"
"2-n101","じばく"
"2-n101","いやなおと"
"2-n101","10まんボルト"
"2-n101","ミラーコート"
"2-n101","だいばくはつ"
"2-n101","ずつき"
"2-n101","ちょうはつ"
"2-n101","テレポート"
"2-n101","ねむる"
"2-n101","まもる"
"2-n101","みがわり"
"2-n101","リフレクター"
"2-n101","からげんき"
"2-n101","でんじは"
"2-n101","イカサマ"
"2-n101","どくどく"
"2-n101","かみなり"
"2-n101","はかいこうせん"
"2-n102","たまなげ"
"2-n102","さいみんじゅつ"
"2-n102","ねんりき"
"2-n102","しびれごな"
"2-n102","どくのこな"
"2-n102","ねむりごな"
"2-n102","サイケこうせん"
"2-n102","やどりぎのタネ"
"2-n102","リフレクター"
"2-n102","ソーラービーム"
"2-n102","ずつき"
"2-n102","テレポート"
"2-n102","ねむる"
"2-n102","ひかりのかべ"
"2-n102","まもる"
"2-n102","みがわり"
"2-n102","からげんき"
"2-n102","どくどく"
"2-n102","サイコキネシス"
"2-n102","じばく"
"2-n102","ヘドロばくだん"
"2-n102","メガドレイン"
"2-n102","ゆめくい"
"2-n103","ふみつけ"
"2-n103","たまなげ"
"2-n103","さいみんじゅつ"
"2-n103","ねんりき"
"2-n103","パワーウィップ"
"2-n103","タマゴばくだん"
"2-n103","しびれごな"
"2-n103","ずつき"
"2-n103","テレポート"
"2-n103","ねむる"
"2-n103","ひかりのかべ"
"2-n103","まもる"
"2-n103","みがわり"
"2-n103","リフレクター"
"2-n103","からげんき"
"2-n103","どくどく"
"2-n103","サイコキネシス"
"2-n103","じばく"
"2-n103","ソーラービーム"
"2-n103","はかいこうせん"
"2-n103","ヘドロばくだん"
"2-n103","メガドレイン"
"2-n103","ゆめくい"
"2-n103","どくのこな"
"2-n103","ねむりごな"
"2-n103","サイケこうせん"
"2-n103","やどりぎのタネ"
"2-n103a","りゅうのはどう"
"2-n103a","たまなげ"
"2-n103a","さいみんじゅつ"
"2-n103a","ねんりき"
"2-n103a","パワーウィップ"
"2-n103a","タマゴばくだん"
"2-n103a","しびれごな"
"2-n103a","ずつき"
"2-n103a","テレポート"
"2-n103a","ねむる"
"2-n103a","ひかりのかべ"
"2-n103a","まもる"
"2-n103a","みがわり"
"2-n103a","リフレクター"
"2-n103a","からげんき"
"2-n103a","かわらわり"
"2-n103a","ドラゴンテール"
"2-n103a","アイアンテール"
"2-n103a","どくどく"
"2-n103a","かえんほうしゃ"
"2-n103a","げきりん"
"2-n103a","サイコキネシス"
"2-n103a","じしん"
"2-n103a","じばく"
"2-n103a","ソーラービーム"
"2-n103a","はかいこうせん"
"2-n103a","ばかぢから"
"2-n103a","ヘドロばくだん"
"2-n103a","メガドレイン"
"2-n103a","ゆめくい"
"2-n103a","どくのこな"
"2-n103a","ねむりごな"
"2-n103a","サイケこうせん"
"2-n103a","やどりぎのタネ"
"2-n104","なきごえ"
"2-n104","しっぽをふる"
"2-n104","にらみつける"
"2-n104","ホネこんぼう"
"2-n104","ずつき"
"2-n104","いかり"
"2-n104","きあいだめ"
"2-n104","ホネブーメラン"
"2-n104","あばれる"
"2-n104","すてみタックル"
"2-n104","ねむる"
"2-n104","まもる"
"2-n104","みがわり"
"2-n104","あなをほる"
"2-n104","からげんき"
"2-n104","かわらわり"
"2-n104","ちきゅうなげ"
"2-n104","アイアンテール"
"2-n104","いわなだれ"
"2-n104","かみなりパンチ"
"2-n104","どくどく"
"2-n104","ほのおのパンチ"
"2-n104","かえんほうしゃ"
"2-n104","じしん"
"2-n104","だいもんじ"
"2-n104","ふぶき"
"2-n104","れいとうビーム"
"2-n104","ステルスロック"
"2-n105","つるぎのまい"
"2-n105","なきごえ"
"2-n105","しっぽをふる"
"2-n105","ホネこんぼう"
"2-n105","にらみつける"
"2-n105","いやなおと"
"2-n105","ずつき"
"2-n105","いかり"
"2-n105","きあいだめ"
"2-n105","ホネブーメラン"
"2-n105","あばれる"
"2-n105","すてみタックル"
"2-n105","ねむる"
"2-n105","まもる"
"2-n105","みがわり"
"2-n105","あなをほる"
"2-n105","からげんき"
"2-n105","かわらわり"
"2-n105","ちきゅうなげ"
"2-n105","アイアンテール"
"2-n105","いわなだれ"
"2-n105","かみなりパンチ"
"2-n105","どくどく"
"2-n105","ほのおのパンチ"
"2-n105","かえんほうしゃ"
"2-n105","げきりん"
"2-n105","じしん"
"2-n105","だいもんじ"
"2-n105","はかいこうせん"
"2-n105","ふぶき"
"2-n105","れいとうビーム"
"2-n105","ステルスロック"
"2-n105a","つるぎのまい"
"2-n105a","なきごえ"
"2-n105a","しっぽをふる"
"2-n105a","ホネこんぼう"
"2-n105a","いやなおと"
"2-n105a","にらみつける"
"2-n105a","ほのおのうず"
"2-n105a","いかり"
"2-n105a","おにび"
"2-n105a","ホネブーメラン"
"2-n105a","あばれる"
"2-n105a","フレアドライブ"
"2-n105a","ずつき"
"2-n105a","ねむる"
"2-n105a","まもる"
"2-n105a","みがわり"
"2-n105a","あなをほる"
"2-n105a","からげんき"
"2-n105a","かわらわり"
"2-n105a","ちきゅうなげ"
"2-n105a","アイアンテール"
"2-n105a","あくのはどう"
"2-n105a","いわなだれ"
"2-n105a","かみなりパンチ"
"2-n105a","どくどく"
"2-n105a","ほのおのパンチ"
"2-n105a","10まんボルト"
"2-n105a","かえんほうしゃ"
"2-n105a","かみなり"
"2-n105a","げきりん"
"2-n105a","じしん"
"2-n105a","シャドーボール"
"2-n105a","だいもんじ"
"2-n105a","はかいこうせん"
"2-n105a","ふぶき"
"2-n105a","れいとうビーム"
"2-n105a","ステルスロック"
"2-n105a","ゆめくい"
"2-n105a","きあいだめ"
"2-n105a","すてみタックル"
"2-n106","まわしげり"
"2-n106","ヨガのポーズ"
"2-n106","にどげり"
"2-n106","フェイント"
"2-n106","かわらわり"
"2-n106","からげんき"
"2-n106","とびげり"
"2-n106","きあいだめ"
"2-n106","メガトンキック"
"2-n106","とびひざげり"
"2-n106","ずつき"
"2-n106","てだすけ"
"2-n106","ねむる"
"2-n106","まもる"
"2-n106","みがわり"
"2-n106","ちきゅうなげ"
"2-n106","いわなだれ"
"2-n106","どくづき"
"2-n106","どくどく"
"2-n106","ビルドアップ"
"2-n106","じしん"
"2-n106","ばかぢから"
"2-n107","れんぞくパンチ"
"2-n107","にらみつける"
"2-n107","こうそくいどう"
"2-n107","フェイント"
"2-n107","スピードスター"
"2-n107","ピヨピヨパンチ"
"2-n107","かみなりパンチ"
"2-n107","れいとうパンチ"
"2-n107","ほのおのパンチ"
"2-n107","きあいだめ"
"2-n107","メガトンパンチ"
"2-n107","カウンター"
"2-n107","ずつき"
"2-n107","てだすけ"
"2-n107","ねむる"
"2-n107","まもる"
"2-n107","みがわり"
"2-n107","からげんき"
"2-n107","かわらわり"
"2-n107","ちきゅうなげ"
"2-n107","いわなだれ"
"2-n107","どくどく"
"2-n107","ビルドアップ"
"2-n107","じしん"
"2-n108","したでなめる"
"2-n108","まきつく"
"2-n108","ようかいえき"
"2-n108","ふみつけ"
"2-n108","かなしばり"
"2-n108","しめつける"
"2-n108","たたきつける"
"2-n108","いやなおと"
"2-n108","あばれる"
"2-n108","パワーウィップ"
"2-n108","ずつき"
"2-n108","てだすけ"
"2-n108","ねむる"
"2-n108","まもる"
"2-n108","みがわり"
"2-n108","あなをほる"
"2-n108","からげんき"
"2-n108","かわらわり"
"2-n108","ちきゅうなげ"
"2-n108","ドラゴンテール"
"2-n108","アイアンテール"
"2-n108","いわなだれ"
"2-n108","かみなりパンチ"
"2-n108","どくどく"
"2-n108","ほのおのパンチ"
"2-n108","れいとうパンチ"
"2-n108","10まんボルト"
"2-n108","かえんほうしゃ"
"2-n108","かみなり"
"2-n108","じしん"
"2-n108","シャドーボール"
"2-n108","ソーラービーム"
"2-n108","だいもんじ"
"2-n108","なみのり"
"2-n108","はかいこうせん"
"2-n108","ふぶき"
"2-n108","れいとうビーム"
"2-n108","ゆめくい"
"2-n109","どくガス"
"2-n109","たいあたり"
"2-n109","スモッグ"
"2-n109","クリアスモッグ"
"2-n109","ヘドロこうげき"
"2-n109","じばく"
"2-n109","どくどく"
"2-n109","くろいきり"
"2-n109","ヘドロばくだん"
"2-n109","だいばくはつ"
"2-n109","ずつき"
"2-n109","ちょうはつ"
"2-n109","ねむる"
"2-n109","まもる"
"2-n109","みがわり"
"2-n109","おにび"
"2-n109","からげんき"
"2-n109","あくのはどう"
"2-n109","10まんボルト"
"2-n109","かえんほうしゃ"
"2-n109","かみなり"
"2-n109","シャドーボール"
"2-n109","だいもんじ"
"2-n110","どくガス"
"2-n110","たいあたり"
"2-n110","スモッグ"
"2-n110","サイケこうせん"
"2-n110","いやなおと"
"2-n110","クリアスモッグ"
"2-n110","ヘドロこうげき"
"2-n110","じばく"
"2-n110","どくどく"
"2-n110","くろいきり"
"2-n110","ヘドロばくだん"
"2-n110","だいばくはつ"
"2-n110","ずつき"
"2-n110","ちょうはつ"
"2-n110","ねむる"
"2-n110","まもる"
"2-n110","みがわり"
"2-n110","おにび"
"2-n110","からげんき"
"2-n110","あくのはどう"
"2-n110","10まんボルト"
"2-n110","かえんほうしゃ"
"2-n110","かみなり"
"2-n110","シャドーボール"
"2-n110","だいもんじ"
"2-n110","はかいこうせん"
"2-n111","つのでつく"
"2-n111","しっぽをふる"
"2-n111","すなかけ"
"2-n111","みだれづき"
"2-n111","ふみつけ"
"2-n111","いわおとし"
"2-n111","ドリルライナー"
"2-n111","とっしん"
"2-n111","メガホーン"
"2-n111","いわなだれ"
"2-n111","じしん"
"2-n111","つのドリル"
"2-n111","ずつき"
"2-n111","ねむる"
"2-n111","まもる"
"2-n111","みがわり"
"2-n111","あなをほる"
"2-n111","からげんき"
"2-n111","アイアンテール"
"2-n111","どくづき"
"2-n111","どくどく"
"2-n111","りゅうのはどう"
"2-n111","10まんボルト"
"2-n111","かえんほうしゃ"
"2-n111","かみなり"
"2-n111","だいもんじ"
"2-n111","ばかぢから"
"2-n111","ふぶき"
"2-n111","れいとうビーム"
"2-n111","ステルスロック"
"2-n112","つのでつく"
"2-n112","しっぽをふる"
"2-n112","みだれづき"
"2-n112","カウンター"
"2-n112","かみくだく"
"2-n112","すなかけ"
"2-n112","ふみつけ"
"2-n112","いわおとし"
"2-n112","ドリルライナー"
"2-n112","とっしん"
"2-n112","メガホーン"
"2-n112","いわなだれ"
"2-n112","じしん"
"2-n112","つのドリル"
"2-n112","ずつき"
"2-n112","てだすけ"
"2-n112","ねむる"
"2-n112","まもる"
"2-n112","みがわり"
"2-n112","あなをほる"
"2-n112","からげんき"
"2-n112","かわらわり"
"2-n112","ちきゅうなげ"
"2-n112","ドラゴンテール"
"2-n112","アイアンテール"
"2-n112","かみなりパンチ"
"2-n112","どくづき"
"2-n112","どくどく"
"2-n112","ほのおのパンチ"
"2-n112","りゅうのはどう"
"2-n112","れいとうパンチ"
"2-n112","10まんボルト"
"2-n112","かえんほうしゃ"
"2-n112","かみなり"
"2-n112","げきりん"
"2-n112","だいもんじ"
"2-n112","なみのり"
"2-n112","はかいこうせん"
"2-n112","ばかぢから"
"2-n112","ふぶき"
"2-n112","れいとうビーム"
"2-n112","ステルスロック"
"2-n112","ネコにこばん"
"2-n113","はたく"
"2-n113","なきごえ"
"2-n113","まるくなる"
"2-n113","しっぽをふる"
"2-n113","おうふくビンタ"
"2-n113","タマゴうみ"
"2-n113","ちいさくなる"
"2-n113","とっしん"
"2-n113","うたう"
"2-n113","タマゴばくだん"
"2-n113","ひかりのかべ"
"2-n113","すてみタックル"
"2-n113","ずつき"
"2-n113","てだすけ"
"2-n113","テレポート"
"2-n113","ねむる"
"2-n113","まもる"
"2-n113","みがわり"
"2-n113","リフレクター"
"2-n113","からげんき"
"2-n113","かわらわり"
"2-n113","ちきゅうなげ"
"2-n113","でんじは"
"2-n113","アイアンテール"
"2-n113","いわなだれ"
"2-n113","かみなりパンチ"
"2-n113","どくどく"
"2-n113","トライアタック"
"2-n113","ほのおのパンチ"
"2-n113","マジカルシャイン"
"2-n113","めいそう"
"2-n113","れいとうパンチ"
"2-n113","10まんボルト"
"2-n113","かえんほうしゃ"
"2-n113","かみなり"
"2-n113","サイコキネシス"
"2-n113","じしん"
"2-n113","シャドーボール"
"2-n113","ソーラービーム"
"2-n113","だいもんじ"
"2-n113","はかいこうせん"
"2-n113","ふぶき"
"2-n113","れいとうビーム"
"2-n113","ステルスロック"
"2-n113","ゆめくい"
"2-n114","からみつく"
"2-n114","すいとる"
"2-n114","ねむりごな"
"2-n114","ねんりき"
"2-n114","つるのムチ"
"2-n114","どくのこな"
"2-n114","しめつける"
"2-n114","せいちょう"
"2-n114","しびれごな"
"2-n114","メガドレイン"
"2-n114","やどりぎのタネ"
"2-n114","たたきつける"
"2-n114","ドわすれ"
"2-n114","パワーウィップ"
"2-n114","ずつき"
"2-n114","ねむる"
"2-n114","まもる"
"2-n114","みがわり"
"2-n114","リフレクター"
"2-n114","からげんき"
"2-n114","どくどく"
"2-n114","ソーラービーム"
"2-n114","はかいこうせん"
"2-n114","ヘドロばくだん"
"2-n115","れんぞくパンチ"
"2-n115","にらみつける"
"2-n115","ねこだまし"
"2-n115","しっぽをふる"
"2-n115","かみつく"
"2-n115","いかり"
"2-n115","メガトンパンチ"
"2-n115","ピヨピヨパンチ"
"2-n115","かみくだく"
"2-n115","げきりん"
"2-n115","ふいうち"
"2-n115","ずつき"
"2-n115","てだすけ"
"2-n115","ねむる"
"2-n115","まもる"
"2-n115","みがわり"
"2-n115","あなをほる"
"2-n115","からげんき"
"2-n115","かわらわり"
"2-n115","ちきゅうなげ"
"2-n115","アイアンテール"
"2-n115","いわなだれ"
"2-n115","かみなりパンチ"
"2-n115","どくどく"
"2-n115","ほのおのパンチ"
"2-n115","れいとうパンチ"
"2-n115","10まんボルト"
"2-n115","かえんほうしゃ"
"2-n115","かみなり"
"2-n115","じしん"
"2-n115","シャドーボール"
"2-n115","ソーラービーム"
"2-n115","だいもんじ"
"2-n115","なみのり"
"2-n115","はかいこうせん"
"2-n115","ふぶき"
"2-n115","れいとうビーム"
"2-n115m","れんぞくパンチ"
"2-n115m","にらみつける"
"2-n115m","ねこだまし"
"2-n115m","しっぽをふる"
"2-n115m","かみつく"
"2-n115m","いかり"
"2-n115m","メガトンパンチ"
"2-n115m","ピヨピヨパンチ"
"2-n115m","かみくだく"
"2-n115m","げきりん"
"2-n115m","ふいうち"
"2-n115m","ずつき"
"2-n115m","てだすけ"
"2-n115m","ねむる"
"2-n115m","まもる"
"2-n115m","みがわり"
"2-n115m","あなをほる"
"2-n115m","からげんき"
"2-n115m","かわらわり"
"2-n115m","ちきゅうなげ"
"2-n115m","アイアンテール"
"2-n115m","いわなだれ"
"2-n115m","かみなりパンチ"
"2-n115m","どくどく"
"2-n115m","ほのおのパンチ"
"2-n115m","れいとうパンチ"
"2-n115m","10まんボルト"
"2-n115m","かえんほうしゃ"
"2-n115m","かみなり"
"2-n115m","じしん"
"2-n115m","シャドーボール"
"2-n115m","ソーラービーム"
"2-n115m","だいもんじ"
"2-n115m","なみのり"
"2-n115m","はかいこうせん"
"2-n115m","ふぶき"
"2-n115m","れいとうビーム"
"2-n116","あわ"
"2-n116","えんまく"
"2-n116","みずでっぽう"
"2-n116","にらみつける"
"2-n116","バブルこうせん"
"2-n116","きあいだめ"
"2-n116","たきのぼり"
"2-n116","こうそくいどう"
"2-n116","りゅうのはどう"
"2-n116","ハイドロポンプ"
"2-n116","ずつき"
"2-n116","ねむる"
"2-n116","まもる"
"2-n116","みがわり"
"2-n116","からげんき"
"2-n116","どくどく"
"2-n116","ねっとう"
"2-n116","げきりん"
"2-n116","なみのり"
"2-n116","ふぶき"
"2-n116","ラスターカノン"
"2-n116","れいとうビーム"
"2-n117","あわ"
"2-n117","えんまく"
"2-n117","にらみつける"
"2-n117","みずでっぽう"
"2-n117","かなしばり"
"2-n117","クリアスモッグ"
"2-n117","バブルこうせん"
"2-n117","きあいだめ"
"2-n117","たきのぼり"
"2-n117","こうそくいどう"
"2-n117","りゅうのはどう"
"2-n117","ハイドロポンプ"
"2-n117","ずつき"
"2-n117","ねむる"
"2-n117","まもる"
"2-n117","みがわり"
"2-n117","からげんき"
"2-n117","どくどく"
"2-n117","ねっとう"
"2-n117","げきりん"
"2-n117","なみのり"
"2-n117","はかいこうせん"
"2-n117","ふぶき"
"2-n117","ラスターカノン"
"2-n117","れいとうビーム"
"2-n118","つつく"
"2-n118","しっぽをふる"
"2-n118","ちょうおんぱ"
"2-n118","でんこうせっか"
"2-n118","つのでつく"
"2-n118","みだれづき"
"2-n118","たきのぼり"
"2-n118","こうそくいどう"
"2-n118","つのドリル"
"2-n118","メガホーン"
"2-n118","ずつき"
"2-n118","ねむる"
"2-n118","まもる"
"2-n118","みがわり"
"2-n118","からげんき"
"2-n118","どくづき"
"2-n118","どくどく"
"2-n118","ねっとう"
"2-n118","なみのり"
"2-n118","ふぶき"
"2-n118","れいとうビーム"
"2-n118","ドリルライナー"
"2-n119","つつく"
"2-n119","しっぽをふる"
"2-n119","ちょうおんぱ"
"2-n119","ロケットずつき"
"2-n119","サイケこうせん"
"2-n119","でんこうせっか"
"2-n119","つのでつく"
"2-n119","みだれづき"
"2-n119","たきのぼり"
"2-n119","こうそくいどう"
"2-n119","つのドリル"
"2-n119","メガホーン"
"2-n119","ずつき"
"2-n119","ねむる"
"2-n119","まもる"
"2-n119","みがわり"
"2-n119","からげんき"
"2-n119","どくづき"
"2-n119","どくどく"
"2-n119","ねっとう"
"2-n119","なみのり"
"2-n119","はかいこうせん"
"2-n119","ふぶき"
"2-n119","れいとうビーム"
"2-n119","ドリルライナー"
"2-n120","たいあたり"
"2-n120","かたくなる"
"2-n120","サイコウェーブ"
"2-n120","みずでっぽう"
"2-n120","スピードスター"
"2-n120","ちいさくなる"
"2-n120","あやしいひかり"
"2-n120","バブルこうせん"
"2-n120","ひかりのかべ"
"2-n120","サイコキネシス"
"2-n120","じこさいせい"
"2-n120","ハイドロポンプ"
"2-n120","ずつき"
"2-n120","テレポート"
"2-n120","ねむる"
"2-n120","まもる"
"2-n120","みがわり"
"2-n120","リフレクター"
"2-n120","からげんき"
"2-n120","でんじは"
"2-n120","たきのぼり"
"2-n120","どくどく"
"2-n120","トライアタック"
"2-n120","ねっとう"
"2-n120","マジカルシャイン"
"2-n120","10まんボルト"
"2-n120","かみなり"
"2-n120","なみのり"
"2-n120","ふぶき"
"2-n120","ラスターカノン"
"2-n120","れいとうビーム"
"2-n121","みずでっぽう"
"2-n121","たいあたり"
"2-n121","かたくなる"
"2-n121","サイコウェーブ"
"2-n121","ずつき"
"2-n121","テレポート"
"2-n121","ねむる"
"2-n121","ひかりのかべ"
"2-n121","まもる"
"2-n121","みがわり"
"2-n121","リフレクター"
"2-n121","からげんき"
"2-n121","でんじは"
"2-n121","たきのぼり"
"2-n121","どくどく"
"2-n121","トライアタック"
"2-n121","ねっとう"
"2-n121","マジカルシャイン"
"2-n121","10まんボルト"
"2-n121","かみなり"
"2-n121","サイコキネシス"
"2-n121","なみのり"
"2-n121","はかいこうせん"
"2-n121","ふぶき"
"2-n121","ラスターカノン"
"2-n121","れいとうビーム"
"2-n121","ゆめくい"
"2-n121","スピードスター"
"2-n121","ちいさくなる"
"2-n121","あやしいひかり"
"2-n121","バブルこうせん"
"2-n121","じこさいせい"
"2-n121","ハイドロポンプ"
"2-n122","バリアー"
"2-n122","ねんりき"
"2-n122","はたく"
"2-n122","ヨガのポーズ"
"2-n122","おうふくビンタ"
"2-n122","ものまね"
"2-n122","サイコウェーブ"
"2-n122","アンコール"
"2-n122","サイケこうせん"
"2-n122","ひかりのかべ"
"2-n122","リフレクター"
"2-n122","みがわり"
"2-n122","サイコキネシス"
"2-n122","ずつき"
"2-n122","ちょうはつ"
"2-n122","てだすけ"
"2-n122","テレポート"
"2-n122","ねむる"
"2-n122","まもる"
"2-n122","からげんき"
"2-n122","かわらわり"
"2-n122","ちきゅうなげ"
"2-n122","でんじは"
"2-n122","イカサマ"
"2-n122","かみなりパンチ"
"2-n122","どくどく"
"2-n122","ほのおのパンチ"
"2-n122","マジカルシャイン"
"2-n122","めいそう"
"2-n122","れいとうパンチ"
"2-n122","10まんボルト"
"2-n122","かみなり"
"2-n122","シャドーボール"
"2-n122","ソーラービーム"
"2-n122","はかいこうせん"
"2-n122","ゆめくい"
"2-n123","でんこうせっか"
"2-n123","にらみつける"
"2-n123","きあいだめ"
"2-n123","かげぶんしん"
"2-n123","フェイント"
"2-n123","つばさでうつ"
"2-n123","こうそくいどう"
"2-n123","きりさく"
"2-n123","かまいたち"
"2-n123","エアスラッシュ"
"2-n123","つるぎのまい"
"2-n123","シザークロス"
"2-n123","ずつき"
"2-n123","ねむる"
"2-n123","ひかりのかべ"
"2-n123","まもる"
"2-n123","みがわり"
"2-n123","からげんき"
"2-n123","かわらわり"
"2-n123","とんぼがえり"
"2-n123","どくどく"
"2-n123","はかいこうせん"
"2-n123","はねやすめ"
"2-n124","はたく"
"2-n124","したでなめる"
"2-n124","ねんりき"
"2-n124","いやなおと"
"2-n124","おうふくビンタ"
"2-n124","れいとうパンチ"
"2-n124","のしかかり"
"2-n124","あくまのキッス"
"2-n124","サイコキネシス"
"2-n124","ふぶき"
"2-n124","ずつき"
"2-n124","ちょうはつ"
"2-n124","てだすけ"
"2-n124","テレポート"
"2-n124","ねむる"
"2-n124","ひかりのかべ"
"2-n124","まもる"
"2-n124","みがわり"
"2-n124","リフレクター"
"2-n124","からげんき"
"2-n124","かわらわり"
"2-n124","ちきゅうなげ"
"2-n124","どくどく"
"2-n124","めいそう"
"2-n124","シャドーボール"
"2-n124","はかいこうせん"
"2-n124","れいとうビーム"
"2-n124","ゆめくい"
"2-n125","にらみつける"
"2-n125","でんきショック"
"2-n125","でんこうせっか"
"2-n125","でんじは"
"2-n125","スピードスター"
"2-n125","けたぐり"
"2-n125","ひかりのかべ"
"2-n125","かみなりパンチ"
"2-n125","いやなおと"
"2-n125","10まんボルト"
"2-n125","かみなり"
"2-n125","ずつき"
"2-n125","ちょうはつ"
"2-n125","てだすけ"
"2-n125","テレポート"
"2-n125","ねむる"
"2-n125","まもる"
"2-n125","みがわり"
"2-n125","リフレクター"
"2-n125","からげんき"
"2-n125","かわらわり"
"2-n125","ちきゅうなげ"
"2-n125","アイアンテール"
"2-n125","どくどく"
"2-n125","ほのおのパンチ"
"2-n125","れいとうパンチ"
"2-n125","サイコキネシス"
"2-n125","はかいこうせん"
"2-n126","にらみつける"
"2-n126","ひのこ"
"2-n126","スモッグ"
"2-n126","えんまく"
"2-n126","クリアスモッグ"
"2-n126","けたぐり"
"2-n126","ほのおのうず"
"2-n126","ほのおのパンチ"
"2-n126","あやしいひかり"
"2-n126","かえんほうしゃ"
"2-n126","だいもんじ"
"2-n126","ずつき"
"2-n126","ちょうはつ"
"2-n126","てだすけ"
"2-n126","テレポート"
"2-n126","ねむる"
"2-n126","まもる"
"2-n126","みがわり"
"2-n126","おにび"
"2-n126","からげんき"
"2-n126","かわらわり"
"2-n126","ちきゅうなげ"
"2-n126","アイアンテール"
"2-n126","かみなりパンチ"
"2-n126","どくどく"
"2-n126","サイコキネシス"
"2-n126","はかいこうせん"
"2-n127","はさむ"
"2-n127","きあいだめ"
"2-n127","しめつける"
"2-n127","ちきゅうなげ"
"2-n127","かたくなる"
"2-n127","かわらわり"
"2-n127","シザークロス"
"2-n127","じごくぐるま"
"2-n127","つるぎのまい"
"2-n127","あばれる"
"2-n127","ばかぢから"
"2-n127","ハサミギロチン"
"2-n127","ずつき"
"2-n127","てだすけ"
"2-n127","ねむる"
"2-n127","まもる"
"2-n127","みがわり"
"2-n127","あなをほる"
"2-n127","からげんき"
"2-n127","いわなだれ"
"2-n127","どくどく"
"2-n127","ビルドアップ"
"2-n127","げきりん"
"2-n127","じしん"
"2-n127","はかいこうせん"
"2-n127","ステルスロック"
"2-n127m","はさむ"
"2-n127m","きあいだめ"
"2-n127m","しめつける"
"2-n127m","ちきゅうなげ"
"2-n127m","かたくなる"
"2-n127m","かわらわり"
"2-n127m","シザークロス"
"2-n127m","じごくぐるま"
"2-n127m","つるぎのまい"
"2-n127m","あばれる"
"2-n127m","ばかぢから"
"2-n127m","ハサミギロチン"
"2-n127m","ずつき"
"2-n127m","てだすけ"
"2-n127m","ねむる"
"2-n127m","まもる"
"2-n127m","みがわり"
"2-n127m","あなをほる"
"2-n127m","からげんき"
"2-n127m","いわなだれ"
"2-n127m","どくどく"
"2-n127m","ビルドアップ"
"2-n127m","げきりん"
"2-n127m","じしん"
"2-n127m","はかいこうせん"
"2-n127m","ステルスロック"
"2-n128","たいあたり"
"2-n128","しっぽをふる"
"2-n128","いかり"
"2-n128","つのでつく"
"2-n128","にらみつける"
"2-n128","ねむる"
"2-n128","とっしん"
"2-n128","きあいだめ"
"2-n128","あばれる"
"2-n128","すてみタックル"
"2-n128","げきりん"
"2-n128","ずつき"
"2-n128","てだすけ"
"2-n128","まもる"
"2-n128","みがわり"
"2-n128","からげんき"
"2-n128","アイアンテール"
"2-n128","いわなだれ"
"2-n128","どくどく"
"2-n128","10まんボルト"
"2-n128","かえんほうしゃ"
"2-n128","かみなり"
"2-n128","じしん"
"2-n128","ソーラービーム"
"2-n128","だいもんじ"
"2-n128","なみのり"
"2-n128","はかいこうせん"
"2-n128","ふぶき"
"2-n128","れいとうビーム"
"2-n129","はねる"
"2-n129","たいあたり"
"2-n130","かみつく"
"2-n130","あばれる"
"2-n130","にらみつける"
"2-n130","りゅうのいかり"
"2-n130","しめつける"
"2-n130","いかり"
"2-n130","ドラゴンテール"
"2-n130","たきのぼり"
"2-n130","かみくだく"
"2-n130","げきりん"
"2-n130","ハイドロポンプ"
"2-n130","はかいこうせん"
"2-n130","ずつき"
"2-n130","ちょうはつ"
"2-n130","ねむる"
"2-n130","まもる"
"2-n130","みがわり"
"2-n130","リフレクター"
"2-n130","からげんき"
"2-n130","でんじは"
"2-n130","アイアンテール"
"2-n130","あくのはどう"
"2-n130","どくどく"
"2-n130","ねっとう"
"2-n130","りゅうのはどう"
"2-n130","10まんボルト"
"2-n130","かえんほうしゃ"
"2-n130","かみなり"
"2-n130","じしん"
"2-n130","だいもんじ"
"2-n130","なみのり"
"2-n130","ふぶき"
"2-n130","れいとうビーム"
"2-n130","はねる"
"2-n130","たいあたり"
"2-n130m","かみつく"
"2-n130m","あばれる"
"2-n130m","にらみつける"
"2-n130m","りゅうのいかり"
"2-n130m","しめつける"
"2-n130m","いかり"
"2-n130m","ドラゴンテール"
"2-n130m","たきのぼり"
"2-n130m","かみくだく"
"2-n130m","げきりん"
"2-n130m","ハイドロポンプ"
"2-n130m","はかいこうせん"
"2-n130m","ずつき"
"2-n130m","ちょうはつ"
"2-n130m","ねむる"
"2-n130m","まもる"
"2-n130m","みがわり"
"2-n130m","リフレクター"
"2-n130m","からげんき"
"2-n130m","でんじは"
"2-n130m","アイアンテール"
"2-n130m","あくのはどう"
"2-n130m","どくどく"
"2-n130m","ねっとう"
"2-n130m","りゅうのはどう"
"2-n130m","10まんボルト"
"2-n130m","かえんほうしゃ"
"2-n130m","かみなり"
"2-n130m","じしん"
"2-n130m","だいもんじ"
"2-n130m","なみのり"
"2-n130m","ふぶき"
"2-n130m","れいとうビーム"
"2-n130m","はねる"
"2-n130m","たいあたり"
"2-n131","うたう"
"2-n131","みずでっぽう"
"2-n131","なきごえ"
"2-n131","しろいきり"
"2-n131","こおりのつぶて"
"2-n131","あやしいひかり"
"2-n131","のしかかり"
"2-n131","れいとうビーム"
"2-n131","なみのり"
"2-n131","りゅうのはどう"
"2-n131","ふぶき"
"2-n131","ハイドロポンプ"
"2-n131","ずつき"
"2-n131","ねむる"
"2-n131","まもる"
"2-n131","みがわり"
"2-n131","リフレクター"
"2-n131","からげんき"
"2-n131","アイアンテール"
"2-n131","たきのぼり"
"2-n131","どくどく"
"2-n131","10まんボルト"
"2-n131","かみなり"
"2-n131","げきりん"
"2-n131","サイコキネシス"
"2-n131","ソーラービーム"
"2-n131","はかいこうせん"
"2-n131","ドリルライナー"
"2-n131","ゆめくい"
"2-n131","メガホーン"
"2-n132","へんしん"
"2-n133","たいあたり"
"2-n133","なきごえ"
"2-n133","しっぽをふる"
"2-n133","でんこうせっか"
"2-n133","にどげり"
"2-n133","すなかけ"
"2-n133","かみつく"
"2-n133","スピードスター"
"2-n133","とっしん"
"2-n133","すてみタックル"
"2-n133","てだすけ"
"2-n133","ずつき"
"2-n133","ねむる"
"2-n133","まもる"
"2-n133","みがわり"
"2-n133","リフレクター"
"2-n133","あなをほる"
"2-n133","からげんき"
"2-n133","アイアンテール"
"2-n133","どくどく"
"2-n133","シャドーボール"
"2-n133","ネコにこばん"
"2-n133b","たいあたり"
"2-n133b","なきごえ"
"2-n133b","しっぽをふる"
"2-n133b","でんこうせっか"
"2-n133b","にどげり"
"2-n133b","すなかけ"
"2-n133b","かみつく"
"2-n133b","スピードスター"
"2-n133b","とっしん"
"2-n133b","すてみタックル"
"2-n133b","てだすけ"
"2-n133b","ずつき"
"2-n133b","ねむる"
"2-n133b","まもる"
"2-n133b","みがわり"
"2-n133b","リフレクター"
"2-n133b","あなをほる"
"2-n133b","からげんき"
"2-n133b","アイアンテール"
"2-n133b","どくどく"
"2-n133b","シャドーボール"
"2-n133b","ネコにこばん"
"2-n133b","いきいきバブル"
"2-n133b","びりびりエレキ"
"2-n133b","めらめらバーン"
"2-n133b","どばどばオーラ"
"2-n133b","わるわるゾーン"
"2-n133b","すくすくボンバー"
"2-n133b","こちこちフロスト"
"2-n133b","きらきらストーム"
"2-n133b","ブイブイブレイク"
"2-n134","みずでっぽう"
"2-n134","たいあたり"
"2-n134","しっぽをふる"
"2-n134","すなかけ"
"2-n134","あくび"
"2-n134","なきごえ"
"2-n134","でんこうせっか"
"2-n134","にどげり"
"2-n134","オーロラビーム"
"2-n134","くろいきり"
"2-n134","とける"
"2-n134","てだすけ"
"2-n134","ハイドロポンプ"
"2-n134","ずつき"
"2-n134","ねむる"
"2-n134","まもる"
"2-n134","みがわり"
"2-n134","リフレクター"
"2-n134","あなをほる"
"2-n134","からげんき"
"2-n134","アイアンテール"
"2-n134","たきのぼり"
"2-n134","どくどく"
"2-n134","ねっとう"
"2-n134","シャドーボール"
"2-n134","なみのり"
"2-n134","はかいこうせん"
"2-n134","ふぶき"
"2-n134","れいとうビーム"
"2-n134","ネコにこばん"
"2-n134","かみつく"
"2-n134","スピードスター"
"2-n134","とっしん"
"2-n134","すてみタックル"
"2-n135","でんきショック"
"2-n135","たいあたり"
"2-n135","しっぽをふる"
"2-n135","すなかけ"
"2-n135","あくび"
"2-n135","なきごえ"
"2-n135","でんこうせっか"
"2-n135","にどげり"
"2-n135","ミサイルばり"
"2-n135","でんじは"
"2-n135","こうそくいどう"
"2-n135","てだすけ"
"2-n135","かみなり"
"2-n135","ずつき"
"2-n135","ねむる"
"2-n135","ひかりのかべ"
"2-n135","まもる"
"2-n135","みがわり"
"2-n135","リフレクター"
"2-n135","あなをほる"
"2-n135","からげんき"
"2-n135","アイアンテール"
"2-n135","どくどく"
"2-n135","10まんボルト"
"2-n135","シャドーボール"
"2-n135","はかいこうせん"
"2-n135","ネコにこばん"
"2-n135","かみつく"
"2-n135","スピードスター"
"2-n135","とっしん"
"2-n135","すてみタックル"
"2-n136","ひのこ"
"2-n136","たいあたり"
"2-n136","しっぽをふる"
"2-n136","すなかけ"
"2-n136","あくび"
"2-n136","なきごえ"
"2-n136","でんこうせっか"
"2-n136","にどげり"
"2-n136","ほのおのうず"
"2-n136","スモッグ"
"2-n136","きあいだめ"
"2-n136","てだすけ"
"2-n136","フレアドライブ"
"2-n136","ずつき"
"2-n136","ねむる"
"2-n136","まもる"
"2-n136","みがわり"
"2-n136","リフレクター"
"2-n136","あなをほる"
"2-n136","おにび"
"2-n136","からげんき"
"2-n136","アイアンテール"
"2-n136","どくどく"
"2-n136","かえんほうしゃ"
"2-n136","シャドーボール"
"2-n136","だいもんじ"
"2-n136","はかいこうせん"
"2-n136","ばかぢから"
"2-n136","ネコにこばん"
"2-n136","かみつく"
"2-n136","スピードスター"
"2-n136","とっしん"
"2-n136","すてみタックル"
"2-n137","たいあたり"
"2-n137","かくばる"
"2-n137","サイケこうせん"
"2-n137","こうそくいどう"
"2-n137","バリアー"
"2-n137","トライアタック"
"2-n137","でんじは"
"2-n137","テクスチャー"
"2-n137","じこさいせい"
"2-n137","はかいこうせん"
"2-n137","ずつき"
"2-n137","テレポート"
"2-n137","ねむる"
"2-n137","まもる"
"2-n137","みがわり"
"2-n137","リフレクター"
"2-n137","からげんき"
"2-n137","アイアンテール"
"2-n137","イカサマ"
"2-n137","どくどく"
"2-n137","10まんボルト"
"2-n137","かみなり"
"2-n137","サイコキネシス"
"2-n137","シャドーボール"
"2-n137","ソーラービーム"
"2-n137","ふぶき"
"2-n137","れいとうビーム"
"2-n137","ゆめくい"
"2-n138","からみつく"
"2-n138","からにこもる"
"2-n138","にらみつける"
"2-n138","みずでっぽう"
"2-n138","かみつく"
"2-n138","いわおとし"
"2-n138","まもる"
"2-n138","いわなだれ"
"2-n138","ハイドロポンプ"
"2-n138","からをやぶる"
"2-n138","ずつき"
"2-n138","ねむる"
"2-n138","みがわり"
"2-n138","リフレクター"
"2-n138","からげんき"
"2-n138","たきのぼり"
"2-n138","どくどく"
"2-n138","ねっとう"
"2-n138","なみのり"
"2-n138","ふぶき"
"2-n138","れいとうビーム"
"2-n138","ステルスロック"
"2-n139","とげキャノン"
"2-n139","からみつく"
"2-n139","からにこもる"
"2-n139","みずでっぽう"
"2-n139","がまん"
"2-n139","ちょうおんぱ"
"2-n139","にらみつける"
"2-n139","かみつく"
"2-n139","いわおとし"
"2-n139","まもる"
"2-n139","いわなだれ"
"2-n139","ハイドロポンプ"
"2-n139","からをやぶる"
"2-n139","ずつき"
"2-n139","ねむる"
"2-n139","みがわり"
"2-n139","リフレクター"
"2-n139","からげんき"
"2-n139","ちきゅうなげ"
"2-n139","たきのぼり"
"2-n139","どくどく"
"2-n139","ねっとう"
"2-n139","なみのり"
"2-n139","はかいこうせん"
"2-n139","ふぶき"
"2-n139","れいとうビーム"
"2-n139","ステルスロック"
"2-n140","ひっかく"
"2-n140","かたくなる"
"2-n140","にらみつける"
"2-n140","すいとる"
"2-n140","アクアジェット"
"2-n140","いわおとし"
"2-n140","すなかけ"
"2-n140","いわなだれ"
"2-n140","きゅうけつ"
"2-n140","ずつき"
"2-n140","ねむる"
"2-n140","まもる"
"2-n140","みがわり"
"2-n140","リフレクター"
"2-n140","あなをほる"
"2-n140","からげんき"
"2-n140","たきのぼり"
"2-n140","どくどく"
"2-n140","ねっとう"
"2-n140","なみのり"
"2-n140","ふぶき"
"2-n140","メガドレイン"
"2-n140","れいとうビーム"
"2-n140","ステルスロック"
"2-n141","きりさく"
"2-n141","ひっかく"
"2-n141","かたくなる"
"2-n141","すいとる"
"2-n141","フェイント"
"2-n141","にらみつける"
"2-n141","いやなおと"
"2-n141","あやしいひかり"
"2-n141","アクアジェット"
"2-n141","いわおとし"
"2-n141","すなかけ"
"2-n141","いわなだれ"
"2-n141","きゅうけつ"
"2-n141","つるぎのまい"
"2-n141","ずつき"
"2-n141","ねむる"
"2-n141","まもる"
"2-n141","みがわり"
"2-n141","リフレクター"
"2-n141","あなをほる"
"2-n141","からげんき"
"2-n141","かわらわり"
"2-n141","ちきゅうなげ"
"2-n141","シザークロス"
"2-n141","たきのぼり"
"2-n141","どくどく"
"2-n141","ねっとう"
"2-n141","なみのり"
"2-n141","はかいこうせん"
"2-n141","ばかぢから"
"2-n141","ふぶき"
"2-n141","メガドレイン"
"2-n141","れいとうビーム"
"2-n141","ステルスロック"
"2-n142","つばさでうつ"
"2-n142","かみつく"
"2-n142","ほえる"
"2-n142","ちょうおんぱ"
"2-n142","いわおとし"
"2-n142","こうそくいどう"
"2-n142","かみくだく"
"2-n142","いわなだれ"
"2-n142","そらをとぶ"
"2-n142","とっしん"
"2-n142","はかいこうせん"
"2-n142","ずつき"
"2-n142","ちょうはつ"
"2-n142","ねむる"
"2-n142","まもる"
"2-n142","みがわり"
"2-n142","リフレクター"
"2-n142","からげんき"
"2-n142","アイアンテール"
"2-n142","どくどく"
"2-n142","りゅうのはどう"
"2-n142","かえんほうしゃ"
"2-n142","じしん"
"2-n142","だいもんじ"
"2-n142","はねやすめ"
"2-n142","ステルスロック"
"2-n142m","つばさでうつ"
"2-n142m","かみつく"
"2-n142m","ほえる"
"2-n142m","ちょうおんぱ"
"2-n142m","いわおとし"
"2-n142m","こうそくいどう"
"2-n142m","かみくだく"
"2-n142m","いわなだれ"
"2-n142m","そらをとぶ"
"2-n142m","とっしん"
"2-n142m","はかいこうせん"
"2-n142m","ずつき"
"2-n142m","ちょうはつ"
"2-n142m","ねむる"
"2-n142m","まもる"
"2-n142m","みがわり"
"2-n142m","リフレクター"
"2-n142m","からげんき"
"2-n142m","アイアンテール"
"2-n142m","どくどく"
"2-n142m","りゅうのはどう"
"2-n142m","かえんほうしゃ"
"2-n142m","じしん"
"2-n142m","だいもんじ"
"2-n142m","はねやすめ"
"2-n142m","ステルスロック"
"2-n143","たいあたり"
"2-n143","まるくなる"
"2-n143","あくび"
"2-n143","したでなめる"
"2-n143","ずつき"
"2-n143","ねむる"
"2-n143","いやなおと"
"2-n143","ドわすれ"
"2-n143","のしかかり"
"2-n143","かみくだく"
"2-n143","ばかぢから"
"2-n143","まもる"
"2-n143","みがわり"
"2-n143","リフレクター"
"2-n143","からげんき"
"2-n143","かわらわり"
"2-n143","ちきゅうなげ"
"2-n143","いわなだれ"
"2-n143","かみなりパンチ"
"2-n143","どくどく"
"2-n143","ほのおのパンチ"
"2-n143","れいとうパンチ"
"2-n143","10まんボルト"
"2-n143","かえんほうしゃ"
"2-n143","かみなり"
"2-n143","げきりん"
"2-n143","サイコキネシス"
"2-n143","じしん"
"2-n143","じばく"
"2-n143","シャドーボール"
"2-n143","ソーラービーム"
"2-n143","だいもんじ"
"2-n143","なみのり"
"2-n143","はかいこうせん"
"2-n143","ふぶき"
"2-n143","れいとうビーム"
"2-n143","ネコにこばん"
"2-n144","かぜおこし"
"2-n144","こおりのつぶて"
"2-n144","しろいきり"
"2-n144","にらみつける"
"2-n144","ミラーコート"
"2-n144","れいとうビーム"
"2-n144","こうそくいどう"
"2-n144","リフレクター"
"2-n144","はねやすめ"
"2-n144","ふぶき"
"2-n144","ゴッドバード"
"2-n144","ずつき"
"2-n144","ねむる"
"2-n144","まもる"
"2-n144","みがわり"
"2-n144","からげんき"
"2-n144","そらをとぶ"
"2-n144","とんぼがえり"
"2-n144","どくどく"
"2-n144","はかいこうせん"
"2-n145","つつく"
"2-n145","でんきショック"
"2-n145","でんじは"
"2-n145","にらみつける"
"2-n145","ドリルくちばし"
"2-n145","10まんボルト"
"2-n145","こうそくいどう"
"2-n145","ひかりのかべ"
"2-n145","はねやすめ"
"2-n145","かみなり"
"2-n145","ゴッドバード"
"2-n145","ずつき"
"2-n145","ねむる"
"2-n145","まもる"
"2-n145","みがわり"
"2-n145","リフレクター"
"2-n145","からげんき"
"2-n145","そらをとぶ"
"2-n145","とんぼがえり"
"2-n145","どくどく"
"2-n145","はかいこうせん"
"2-n146","つばさでうつ"
"2-n146","ひのこ"
"2-n146","ほのおのうず"
"2-n146","にらみつける"
"2-n146","エアスラッシュ"
"2-n146","かえんほうしゃ"
"2-n146","こうそくいどう"
"2-n146","ねっぷう"
"2-n146","はねやすめ"
"2-n146","ソーラービーム"
"2-n146","ゴッドバード"
"2-n146","ずつき"
"2-n146","ねむる"
"2-n146","まもる"
"2-n146","みがわり"
"2-n146","リフレクター"
"2-n146","おにび"
"2-n146","からげんき"
"2-n146","そらをとぶ"
"2-n146","とんぼがえり"
"2-n146","どくどく"
"2-n146","だいもんじ"
"2-n146","はかいこうせん"
"2-n147","まきつく"
"2-n147","にらみつける"
"2-n147","でんじは"
"2-n147","りゅうのいかり"
"2-n147","こうそくいどう"
"2-n147","ドラゴンテール"
"2-n147","たたきつける"
"2-n147","げきりん"
"2-n147","はかいこうせん"
"2-n147","ずつき"
"2-n147","ねむる"
"2-n147","ひかりのかべ"
"2-n147","まもる"
"2-n147","みがわり"
"2-n147","リフレクター"
"2-n147","からげんき"
"2-n147","アイアンテール"
"2-n147","たきのぼり"
"2-n147","どくどく"
"2-n147","りゅうのはどう"
"2-n147","10まんボルト"
"2-n147","かえんほうしゃ"
"2-n147","かみなり"
"2-n147","だいもんじ"
"2-n147","なみのり"
"2-n147","ふぶき"
"2-n147","れいとうビーム"
"2-n148","まきつく"
"2-n148","にらみつける"
"2-n148","でんじは"
"2-n148","りゅうのいかり"
"2-n148","こうそくいどう"
"2-n148","ドラゴンテール"
"2-n148","たたきつける"
"2-n148","げきりん"
"2-n148","はかいこうせん"
"2-n148","ずつき"
"2-n148","ねむる"
"2-n148","ひかりのかべ"
"2-n148","まもる"
"2-n148","みがわり"
"2-n148","リフレクター"
"2-n148","からげんき"
"2-n148","アイアンテール"
"2-n148","たきのぼり"
"2-n148","どくどく"
"2-n148","りゅうのはどう"
"2-n148","10まんボルト"
"2-n148","かえんほうしゃ"
"2-n148","かみなり"
"2-n148","だいもんじ"
"2-n148","なみのり"
"2-n148","ふぶき"
"2-n148","れいとうビーム"
"2-n149","つばさでうつ"
"2-n149","ほのおのパンチ"
"2-n149","かみなりパンチ"
"2-n149","まきつく"
"2-n149","にらみつける"
"2-n149","でんじは"
"2-n149","しろいきり"
"2-n149","アクアジェット"
"2-n149","りゅうのいかり"
"2-n149","こうそくいどう"
"2-n149","ドラゴンテール"
"2-n149","たたきつける"
"2-n149","げきりん"
"2-n149","はかいこうせん"
"2-n149","はねやすめ"
"2-n149","ずつき"
"2-n149","ねむる"
"2-n149","ひかりのかべ"
"2-n149","まもる"
"2-n149","みがわり"
"2-n149","リフレクター"
"2-n149","からげんき"
"2-n149","かわらわり"
"2-n149","そらをとぶ"
"2-n149","アイアンテール"
"2-n149","いわなだれ"
"2-n149","たきのぼり"
"2-n149","どくどく"
"2-n149","りゅうのはどう"
"2-n149","れいとうパンチ"
"2-n149","10まんボルト"
"2-n149","かえんほうしゃ"
"2-n149","かみなり"
"2-n149","じしん"
"2-n149","だいもんじ"
"2-n149","なみのり"
"2-n149","ばかぢから"
"2-n149","ふぶき"
"2-n149","れいとうビーム"
"2-n150","ねんりき"
"2-n150","かなしばり"
"2-n150","サイコウェーブ"
"2-n150","あやしいひかり"
"2-n150","テレポート"
"2-n150","しろいきり"
"2-n150","サイケこうせん"
"2-n150","スピードスター"
"2-n150","ドわすれ"
"2-n150","じこさいせい"
"2-n150","サイコキネシス"
"2-n150","バリアー"
"2-n150","こうそくいどう"
"2-n150","めいそう"
"2-n150","ずつき"
"2-n150","ちょうはつ"
"2-n150","ねむる"
"2-n150","ひかりのかべ"
"2-n150","まもる"
"2-n150","みがわり"
"2-n150","リフレクター"
"2-n150","おにび"
"2-n150","からげんき"
"2-n150","かわらわり"
"2-n150","ちきゅうなげ"
"2-n150","でんじは"
"2-n150","アイアンテール"
"2-n150","イカサマ"
"2-n150","いわなだれ"
"2-n150","かみなりパンチ"
"2-n150","どくづき"
"2-n150","どくどく"
"2-n150","トライアタック"
"2-n150","ビルドアップ"
"2-n150","ほのおのパンチ"
"2-n150","れいとうパンチ"
"2-n150","10まんボルト"
"2-n150","かえんほうしゃ"
"2-n150","かみなり"
"2-n150","じしん"
"2-n150","じばく"
"2-n150","シャドーボール"
"2-n150","ソーラービーム"
"2-n150","だいもんじ"
"2-n150","はかいこうせん"
"2-n150","ふぶき"
"2-n150","れいとうビーム"
"2-n150","ネコにこばん"
"2-n150","ゆめくい"
"2-n150x","ねんりき"
"2-n150x","かなしばり"
"2-n150x","サイコウェーブ"
"2-n150x","あやしいひかり"
"2-n150x","テレポート"
"2-n150x","しろいきり"
"2-n150x","サイケこうせん"
"2-n150x","スピードスター"
"2-n150x","ドわすれ"
"2-n150x","じこさいせい"
"2-n150x","サイコキネシス"
"2-n150x","バリアー"
"2-n150x","こうそくいどう"
"2-n150x","めいそう"
"2-n150x","ずつき"
"2-n150x","ちょうはつ"
"2-n150x","ねむる"
"2-n150x","ひかりのかべ"
"2-n150x","まもる"
"2-n150x","みがわり"
"2-n150x","リフレクター"
"2-n150x","おにび"
"2-n150x","からげんき"
"2-n150x","かわらわり"
"2-n150x","ちきゅうなげ"
"2-n150x","でんじは"
"2-n150x","アイアンテール"
"2-n150x","イカサマ"
"2-n150x","いわなだれ"
"2-n150x","かみなりパンチ"
"2-n150x","どくづき"
"2-n150x","どくどく"
"2-n150x","トライアタック"
"2-n150x","ビルドアップ"
"2-n150x","ほのおのパンチ"
"2-n150x","れいとうパンチ"
"2-n150x","10まんボルト"
"2-n150x","かえんほうしゃ"
"2-n150x","かみなり"
"2-n150x","じしん"
"2-n150x","じばく"
"2-n150x","シャドーボール"
"2-n150x","ソーラービーム"
"2-n150x","だいもんじ"
"2-n150x","はかいこうせん"
"2-n150x","ふぶき"
"2-n150x","れいとうビーム"
"2-n150x","ネコにこばん"
"2-n150x","ゆめくい"
"2-n150y","ねんりき"
"2-n150y","かなしばり"
"2-n150y","サイコウェーブ"
"2-n150y","あやしいひかり"
"2-n150y","テレポート"
"2-n150y","しろいきり"
"2-n150y","サイケこうせん"
"2-n150y","スピードスター"
"2-n150y","ドわすれ"
"2-n150y","じこさいせい"
"2-n150y","サイコキネシス"
"2-n150y","バリアー"
"2-n150y","こうそくいどう"
"2-n150y","めいそう"
"2-n150y","ずつき"
"2-n150y","ちょうはつ"
"2-n150y","ねむる"
"2-n150y","ひかりのかべ"
"2-n150y","まもる"
"2-n150y","みがわり"
"2-n150y","リフレクター"
"2-n150y","おにび"
"2-n150y","からげんき"
"2-n150y","かわらわり"
"2-n150y","ちきゅうなげ"
"2-n150y","でんじは"
"2-n150y","アイアンテール"
"2-n150y","イカサマ"
"2-n150y","いわなだれ"
"2-n150y","かみなりパンチ"
"2-n150y","どくづき"
"2-n150y","どくどく"
"2-n150y","トライアタック"
"2-n150y","ビルドアップ"
"2-n150y","ほのおのパンチ"
"2-n150y","れいとうパンチ"
"2-n150y","10まんボルト"
"2-n150y","かえんほうしゃ"
"2-n150y","かみなり"
"2-n150y","じしん"
"2-n150y","じばく"
"2-n150y","シャドーボール"
"2-n150y","ソーラービーム"
"2-n150y","だいもんじ"
"2-n150y","はかいこうせん"
"2-n150y","ふぶき"
"2-n150y","れいとうビーム"
"2-n150y","ネコにこばん"
"2-n150y","ゆめくい"
"2-n151","はたく"
"2-n151","ねんりき"
"2-n151","ものまね"
"2-n151","スピードスター"
"2-n151","ドわすれ"
"2-n151","サイコウェーブ"
"2-n151","バリアー"
"2-n151","メガトンパンチ"
"2-n151","ゆびをふる"
"2-n151","サイコキネシス"
"2-n151","わるだくみ"
"2-n151","へんしん"
"2-n151","ずつき"
"2-n151","ちょうはつ"
"2-n151","てだすけ"
"2-n151","テレポート"
"2-n151","ねむる"
"2-n151","ひかりのかべ"
"2-n151","まもる"
"2-n151","みがわり"
"2-n151","リフレクター"
"2-n151","あなをほる"
"2-n151","おにび"
"2-n151","からげんき"
"2-n151","かわらわり"
"2-n151","そらをとぶ"
"2-n151","ちきゅうなげ"
"2-n151","でんじは"
"2-n151","ドラゴンテール"
"2-n151","とんぼがえり"
"2-n151","アイアンテール"
"2-n151","あくのはどう"
"2-n151","イカサマ"
"2-n151","いわなだれ"
"2-n151","かみなりパンチ"
"2-n151","シザークロス"
"2-n151","たきのぼり"
"2-n151","どくづき"
"2-n151","どくどく"
"2-n151","トライアタック"
"2-n151","ねっとう"
"2-n151","ビルドアップ"
"2-n151","ほのおのパンチ"
"2-n151","マジカルシャイン"
"2-n151","めいそう"
"2-n151","りゅうのはどう"
"2-n151","れいとうパンチ"
"2-n151","10まんボルト"
"2-n151","かえんほうしゃ"
"2-n151","かみなり"
"2-n151","げきりん"
"2-n151","じしん"
"2-n151","じばく"
"2-n151","シャドーボール"
"2-n151","じゃれつく"
"2-n151","ソーラービーム"
"2-n151","だいもんじ"
"2-n151","なみのり"
"2-n151","はかいこうせん"
"2-n151","ばかぢから"
"2-n151","はねやすめ"
"2-n151","ふぶき"
"2-n151","ヘドロばくだん"
"2-n151","メガドレイン"
"2-n151","ラスターカノン"
"2-n151","れいとうビーム"
"2-n151","ステルスロック"
"2-n151","ネコにこばん"
"2-n151","ドリルライナー"
"2-n151","ゆめくい"
"2-n151","メガホーン"
