"id","name","type","power1","power2","pp","accuracy","priority","damageType","isDirect","canProtect"
"1-1","アームハンマー","1","100","180","10","90","0","物理","true","true"
"1-2","アイアンテール","8","100","180","15","75","0","物理","true","true"
"1-3","アイアンヘッド","8","80","160","15","100","0","物理","true","true"
"1-4","アイスハンマー","14","100","180","10","90","0","物理","true","true"
"1-5","アイスボール","14","30","100","20","90","0","物理","true","true"
"1-6","あおいほのお","9","130","195","5","85","0","特殊","false","true"
"1-7","アクアジェット","10","40","100","20","100","1","物理","true","true"
"1-8","アクアテール","10","90","175","10","90","0","物理","true","true"
"1-9","アクアブレイク","10","85","160","10","100","0","物理","true","true"
"1-10","アクアリング","10","-","-","20","-","0","変化","false","false"
"1-11","あくうせつだん","15","100","180","5","95","0","特殊","false","true"
"1-12","アクセルロック","5","40","100","20","100","1","物理","true","true"
"1-13","あくのはどう","16","80","160","15","100","0","特殊","false","true"
"1-14","あくび","0","-","-","10","-","0","変化","false","true"
"1-15","あくまのキッス","0","-","-","10","75","0","変化","false","true"
"1-16","あくむ","7","-","-","15","100","0","変化","false","true"
"1-17","アクロバット","2","55","100","15","100","0","物理","true","true"
"1-18","あさのひざし","0","-","-","5","-","0","変化","false","false"
"1-19","アシストギア","8","-","-","20","-","0","変化","false","false"
"1-20","アシストパワー","13","20","160","10","100","0","特殊","false","true"
"1-21","アシッドボム","3","40","100","20","100","0","特殊","false","true"
"1-22","アシッドポイズンデリート","3","-","-","1","-","0","-","false","false"
"1-23","あてみなげ","1","70","140","10","-","-1","物理","true","true"
"1-24","あなをほる","4","80","160","10","100","0","物理","true","true"
"1-25","あばれる","0","120","190","10","100","0","物理","true","true"
"1-26","アフロブレイク","0","120","190","15","100","0","物理","true","true"
"1-27","あまいかおり","0","-","-","20","100","0","変化","false","true"
"1-28","あまえる","17","-","-","20","100","0","変化","false","true"
"1-29","あまごい","10","-","-","5","-","0","変化","false","false"
"1-30","あやしいかぜ","7","60","120","5","100","0","特殊","false","true"
"1-31","あやしいひかり","7","-","-","10","100","0","変化","false","true"
"1-32","あられ","14","-","-","10","-","0","変化","false","false"
"1-33","アルティメットドラゴンバーン","15","-","-","1","-","0","-","false","false"
"1-34","アロマセラピー","11","-","-","5","-","0","変化","false","false"
"1-35","アロマミスト","17","-","-","20","-","0","変化","false","false"
"1-36","あわ","10","40","100","30","100","0","特殊","false","true"
"1-37","アンカーショット","8","80","160","20","100","0","物理","true","true"
"1-38","アンコール","0","-","-","5","100","0","変化","false","true"
"1-39","いあいぎり","0","50","100","30","95","0","物理","true","true"
"1-40","いえき","3","-","-","10","100","0","変化","false","true"
"1-41","イカサマ","16","95","175","15","100","0","物理","true","true"
"1-42","いかり","0","20","100","20","100","0","物理","true","true"
"1-43","いかりのこな","6","-","-","20","-","2","変化","false","false"
"1-44","いかりのまえば","0","-","100","10","90","0","物理","true","true"
"1-45","いじげんホール","13","80","160","5","-","0","特殊","false","false"
"1-46","いじげんラッシュ","16","100","180","5","-","0","物理","false","false"
"1-47","いたみわけ","0","-","-","20","-","0","変化","false","true"
"1-48","いちゃもん","16","-","-","15","100","0","変化","false","true"
"1-49","いとをはく","6","-","-","40","95","0","変化","false","true"
"1-50","いにしえのうた","0","75","140","10","100","0","特殊","false","true"
"1-51","いのちがけ","1","-","180","5","100","0","特殊","false","true"
"1-52","いばる","0","-","-","15","85","0","変化","false","true"
"1-53","いびき","0","50","100","15","100","0","特殊","false","true"
"1-54","いやしのすず","0","-","-","5","-","0","変化","false","false"
"1-55","いやしのねがい","13","-","-","10","-","0","変化","false","false"
"1-56","いやしのはどう","13","-","-","10","-","0","変化","false","true"
"1-57","いやなおと","0","-","-","40","85","0","変化","false","true"
"1-58","いわおとし","5","50","100","15","90","0","物理","false","true"
"1-59","いわくだき","1","40","100","15","100","0","物理","true","true"
"1-60","いわなだれ","5","75","140","10","90","0","物理","false","true"
"1-61","インファイト","1","120","190","5","100","0","物理","true","true"
"1-62","ウェザーボール","0","50","160","10","100","0","特殊","false","true"
"1-63","うずしお","10","35","100","15","85","0","特殊","false","true"
"1-64","うそなき","16","-","-","20","100","0","変化","false","true"
"1-65","うたう","0","-","-","15","55","0","変化","false","true"
"1-66","うたかたのアリア","10","90","175","10","100","0","特殊","false","true"
"1-67","うちおとす","5","50","100","15","100","0","物理","false","true"
"1-68","ウッドハンマー","11","120","190","15","100","0","物理","true","true"
"1-69","ウッドホーン","11","75","140","10","100","0","物理","true","true"
"1-70","うらみ","7","-","-","10","100","0","変化","false","true"
"1-71","ウルトラダッシュアタック","0","-","-","1","-","0","-","false","false"
"1-72","エアカッター","2","60","120","25","95","0","特殊","false","true"
"1-73","エアスラッシュ","2","75","140","15","95","0","特殊","false","true"
"1-74","エアロブラスト","2","100","180","5","95","0","特殊","false","true"
"1-75","エコーボイス","0","40","100","15","100","0","特殊","false","true"
"1-76","エナジーボール","11","90","175","10","100","0","特殊","false","true"
"1-77","エレキネット","12","55","100","15","95","0","特殊","false","true"
"1-78","エレキフィールド","12","-","-","10","-","0","変化","false","false"
"1-79","エレキボール","12","-","160","10","100","0","特殊","false","true"
"1-80","えんまく","0","-","-","20","100","0","変化","false","true"
"1-81","オーバーヒート","9","130","195","5","90","0","特殊","false","true"
"1-82","オーロラビーム","14","65","120","20","100","0","特殊","false","true"
"1-83","オーロラベール","14","-","-","20","-","0","変化","false","false"
"1-84","おいうち","16","40","100","20","100","0","物理","true","true"
"1-85","おいかぜ","2","-","-","15","-","0","変化","false","false"
"1-86","おいわい","0","0","-","40","0","0","変化","false","false"
"1-87","おうふくビンタ","0","15","100","10","85","0","物理","true","true"
"1-88","オウムがえし","2","-","-","20","-","0","変化","false","false"
"1-89","おきみやげ","16","-","-","10","100","0","変化","false","true"
"1-90","オクタンほう","10","65","120","10","85","0","特殊","false","true"
"1-91","おさきにどうぞ","0","-","-","15","-","0","変化","false","false"
"1-92","おしおき","16","-","160","5","100","0","物理","true","true"
"1-93","おしゃべり","2","65","120","20","100","0","特殊","false","true"
"1-94","おたけび","0","-","-","30","100","0","変化","false","true"
"1-95","おだてる","16","-","-","15","100","0","変化","false","true"
"1-96","おどろかす","7","30","100","15","100","0","物理","true","true"
"1-97","おにび","9","-","-","15","85","0","変化","false","true"
"1-98","おまじない","0","-","-","30","-","0","変化","false","false"
"1-99","オリジンズスーパーノヴァ","13","185","-","1","-","0","特殊","false","false"
"1-100","おんがえし","0","-","160","20","100","0","物理","true","true"
"1-101","おんねん","7","-","-","5","-","0","変化","false","false"
"1-102","かいでんぱ","12","-","-","15","100","0","変化","false","true"
"1-103","かいふくしれい","6","-","-","10","-","0","変化","false","false"
"1-104","かいふくふうじ","13","-","-","15","100","0","変化","false","true"
"1-105","かいりき","0","80","160","15","100","0","物理","true","true"
"1-106","カウンター","1","-","100","20","100","-5","物理","true","true"
"1-107","かえんぐるま","9","60","120","25","100","0","物理","true","true"
"1-108","かえんだん","9","100","180","5","100","0","特殊","false","true"
"1-109","かえんほうしゃ","9","90","175","15","100","0","特殊","false","true"
"1-110","かぎわける","0","-","-","40","-","0","変化","false","true"
"1-111","かくばる","0","-","-","30","-","0","変化","false","false"
"1-112","かげうち","7","40","100","30","100","1","物理","true","true"
"1-113","かげぬい","7","80","160","10","100","0","物理","false","true"
"1-114","かげぶんしん","0","-","-","15","-","0","変化","false","false"
"1-115","かぜおこし","2","40","100","35","100","0","特殊","false","true"
"1-116","かたきうち","0","70","140","5","100","0","物理","true","true"
"1-117","かたくなる","0","-","-","30","-","0","変化","false","false"
"1-118","かなしばり","0","-","-","20","100","0","変化","false","true"
"1-119","かふんだんご","6","90","175","15","100","0","特殊","false","true"
"1-120","かまいたち","0","80","160","10","100","0","特殊","false","true"
"1-121","かみくだく","16","80","160","15","100","0","物理","true","true"
"1-122","かみつく","16","60","120","25","100","0","物理","true","true"
"1-123","かみなり","12","110","185","10","70","0","特殊","false","true"
"1-124","かみなりのキバ","12","65","120","15","95","0","物理","true","true"
"1-125","かみなりパンチ","12","75","140","15","100","0","物理","true","true"
"1-126","からげんき","0","70","140","20","100","0","物理","true","true"
"1-127","からてチョップ","1","50","100","25","100","0","物理","true","true"
"1-128","からではさむ","10","35","100","15","85","0","物理","true","true"
"1-129","からにこもる","10","-","-","40","-","0","変化","false","false"
"1-130","からみつく","0","10","100","35","100","0","物理","true","true"
"1-131","からをやぶる","0","-","-","15","-","0","変化","false","false"
"1-132","かわらわり","1","75","140","15","100","0","物理","true","true"
"1-133","ガーディアン・デ・アローラ","17","-","-","1","-","0","特殊","false","false"
"1-134","ガードシェア","13","-","-","10","-","0","変化","false","true"
"1-135","ガードスワップ","13","-","-","10","-","0","変化","false","true"
"1-136","がまん","0","-","100","10","-","1","物理","true","true"
"1-137","がむしゃら","0","-","160","5","100","0","物理","true","true"
"1-138","ガリョウテンセイ","2","120","190","5","100","0","物理","true","true"
"1-139","がんせきふうじ","5","60","120","15","95","0","物理","false","true"
"1-140","がんせきほう","5","150","200","5","90","0","物理","false","true"
"1-141","きあいだま","1","120","190","5","70","0","特殊","false","true"
"1-142","きあいだめ","0","-","-","30","-","0","変化","false","false"
"1-143","きあいパンチ","1","150","200","20","100","-3","物理","true","true"
"1-144","きしかいせい","1","-","160","15","100","0","物理","true","true"
"1-145","きつけ","0","70","140","10","100","0","物理","true","true"
"1-146","キノコのほうし","11","-","-","15","100","0","変化","false","true"
"1-147","きゅうけつ","6","80","160","10","100","0","物理","true","true"
"1-148","きりさく","0","70","140","20","100","0","物理","true","true"
"1-149","きりばらい","2","-","-","15","-","0","変化","false","true"
"1-150","きりふだ","0","-","160","5","-","0","特殊","true","true"
"1-151","キングシールド","8","-","-","10","-","4","変化","false","false"
"1-152","きんぞくおん","8","-","-","40","85","0","変化","false","true"
"1-153","ギアソーサー","8","50","180","15","85","0","物理","true","true"
"1-154","ギアチェンジ","8","-","-","10","-","0","変化","false","false"
"1-155","ギガインパクト","0","150","200","5","90","0","物理","true","true"
"1-156","ギガドレイン","11","75","140","10","100","0","特殊","false","true"
"1-157","ギフトパス","0","-","-","15","-","0","変化","false","false"
"1-158","ぎんいろのかぜ","6","60","120","5","100","0","特殊","false","true"
"1-159","くさのちかい","11","80","160","10","100","0","特殊","false","true"
"1-160","くさぶえ","11","-","-","15","55","0","変化","false","true"
"1-161","くさむすび","11","-","160","20","100","0","特殊","true","true"
"1-162","くすぐる","0","-","-","20","100","0","変化","false","true"
"1-163","くちばしキャノン","2","100","180","15","100","-3","物理","false","true"
"1-164","クモのす","6","-","-","10","-","0","変化","false","true"
"1-165","クラブハンマー","10","100","180","10","90","0","物理","true","true"
"1-166","クリアスモッグ","3","50","100","15","-","0","特殊","false","true"
"1-167","くろいきり","14","-","-","30","-","0","変化","false","false"
"1-168","くろいまなざし","0","-","-","5","-","0","変化","false","false"
"1-169","クロスサンダー","12","100","180","5","100","0","物理","false","true"
"1-170","クロスチョップ","1","100","180","5","80","0","物理","true","true"
"1-171","クロスフレイム","9","100","180","5","100","0","特殊","false","true"
"1-172","クロスポイズン","3","70","140","20","100","0","物理","true","true"
"1-173","グラスフィールド","11","-","-","10","-","0","変化","false","false"
"1-174","グラスミキサー","11","65","120","10","90","0","特殊","false","true"
"1-175","グランドフォース","4","90","185","10","100","0","物理","false","true"
"1-176","グロウパンチ","1","40","100","20","100","0","物理","true","true"
"1-177","けたぐり","1","-","160","20","100","0","物理","true","true"
"1-178","げきりん","15","120","190","10","100","0","物理","true","true"
"1-179","ゲップ","3","120","190","10","90","0","特殊","false","true"
"1-180","げんしのちから","5","60","120","5","100","0","特殊","false","true"
"1-181","コールドフレア","14","140","200","5","90","0","特殊","false","true"
"1-182","コアパニッシャー","15","100","140","10","100","0","特殊","false","true"
"1-183","こうげきしれい","6","90","175","15","100","0","物理","false","true"
"1-184","こうごうせい","11","-","-","5","-","0","変化","false","false"
"1-185","こうそくいどう","13","-","-","30","-","0","変化","false","false"
"1-186","こうそくスピン","0","20","100","40","100","0","物理","true","true"
"1-187","こおりのいぶき","14","60","120","10","90","0","特殊","false","true"
"1-188","こおりのキバ","14","65","120","15","95","0","物理","true","true"
"1-189","こおりのつぶて","14","40","100","30","100","1","物理","false","true"
"1-190","こころのめ","0","-","-","5","-","0","変化","false","true"
"1-191","こごえるかぜ","14","55","100","15","95","0","特殊","false","true"
"1-192","こごえるせかい","14","65","120","10","95","0","特殊","false","true"
"1-193","コスモパワー","13","-","-","20","-","0","変化","false","false"
"1-194","コットンガード","11","-","-","10","-","0","変化","false","false"
"1-195","こなゆき","14","40","100","25","100","0","特殊","false","true"
"1-196","このは","11","40","100","40","100","0","物理","false","true"
"1-197","このゆびとまれ","0","-","-","20","-","2","変化","false","false"
"1-198","コメットパンチ","8","90","175","10","90","0","物理","true","true"
"1-199","こらえる","0","-","-","10","-","4","変化","false","false"
"1-200","ころがる","5","30","100","20","90","0","物理","true","true"
"1-201","こわいかお","0","-","-","10","100","0","変化","false","true"
"1-202","こんげんのはどう","10","110","185","10","85","0","特殊","false","true"
"1-203","ゴーストダイブ","7","90","175","10","100","0","物理","true","false"
"1-204","ゴッドバード","2","140","200","5","90","0","物理","false","true"
"1-205","サイケこうせん","13","65","120","20","100","0","特殊","false","true"
"1-206","サイコウェーブ","13","-","100","15","100","0","特殊","false","true"
"1-207","サイコカッター","13","70","140","20","100","0","物理","false","true"
"1-208","サイコキネシス","13","90","175","10","100","0","特殊","false","true"
"1-209","サイコシフト","13","-","-","10","100","0","変化","false","true"
"1-210","サイコショック","13","80","160","10","100","0","特殊","false","true"
"1-211","サイコファング","13","85","160","10","100","0","物理","true","true"
"1-212","サイコフィールド","13","-","-","10","-","0","変化","false","false"
"1-213","サイコブースト","13","140","200","5","90","0","特殊","false","true"
"1-214","サイコブレイク","13","100","180","10","100","0","特殊","false","true"
"1-215","サイドチェンジ","13","-","-","15","-","2","変化","false","false"
"1-216","さいはい","13","-","-","15","-","0","変化","false","true"
"1-217","さいみんじゅつ","13","-","-","20","60","0","変化","false","true"
"1-218","サウザンアロー","4","90","180","10","100","0","物理","false","true"
"1-219","サウザンウェーブ","4","90","175","10","100","0","物理","false","true"
"1-220","さきおくり","16","-","-","15","100","0","変化","false","true"
"1-221","さきどり","0","-","-","20","-","0","変化","false","true"
"1-222","さしおさえ","16","-","-","15","100","0","変化","false","true"
"1-223","さばきのつぶて","0","100","180","10","100","0","特殊","false","true"
"1-224","さわぐ","0","90","175","10","100","0","特殊","false","true"
"1-225","サンシャインスマッシャー","8","200","-","1","-","0","物理","true","false"
"1-226","シードフレア","11","120","190","5","85","0","特殊","false","true"
"1-227","シェルブレード","10","75","140","10","95","0","物理","true","true"
"1-228","しおふき","10","150","200","5","100","0","特殊","false","true"
"1-229","しおみず","10","65","120","10","100","0","特殊","false","true"
"1-230","シグナルビーム","6","75","140","15","100","0","特殊","false","true"
"1-231","シザークロス","6","80","160","15","100","0","物理","true","true"
"1-232","しぜんのいかり","17","-","100","10","90","0","特殊","false","true"
"1-233","しぜんのちから","0","-","-","20","-","0","変化","false","false"
"1-234","しぜんのめぐみ","0","-","160","15","100","0","物理","false","true"
"1-235","したでなめる","7","30","100","30","100","0","物理","true","true"
"1-236","しちせいだっこんたい","7","195","-","1","-","0","物理","true","false"
"1-237","しっぺがえし","16","50","100","10","100","0","物理","true","true"
"1-238","しっぽをふる","0","-","-","30","100","0","変化","false","true"
"1-239","しねんのずつき","13","80","160","15","90","0","物理","true","true"
"1-240","しびれごな","11","-","-","30","75","0","変化","false","true"
"1-241","しぼりとる","0","-","190","5","100","0","特殊","true","true"
"1-242","しめつける","0","15","100","20","85","0","物理","true","true"
"1-243","シャドーアローズストライク","7","180","-","1","-","0","物理","false","false"
"1-244","シャドークロー","7","70","140","15","100","0","物理","true","true"
"1-245","シャドースチール","7","90","175","10","100","0","物理","true","true"
"1-246","シャドーダイブ","7","120","190","5","100","0","物理","true","false"
"1-247","シャドーパンチ","7","60","120","20","-","0","物理","true","true"
"1-248","シャドーボール","7","80","160","15","100","0","特殊","false","true"
"1-249","シャドーボーン","7","85","160","10","100","0","物理","false","true"
"1-250","シャドーレイ","7","100","180","5","100","0","特殊","false","true"
"1-251","しろいきり","14","-","-","30","-","0","変化","false","false"
"1-252","しんくうは","1","40","100","30","100","1","特殊","false","true"
"1-253","シンクロノイズ","13","120","190","10","100","0","特殊","false","true"
"1-254","しんそく","0","80","160","5","100","2","物理","true","true"
"1-255","しんぴのつるぎ","1","85","160","10","100","0","特殊","false","true"
"1-256","しんぴのまもり","0","-","-","25","-","0","変化","false","false"
"1-257","シンプルビーム","0","-","-","15","100","0","変化","false","true"
"1-258","ジオコントロール","17","-","-","10","-","0","変化","false","false"
"1-259","じこあんじ","0","-","-","10","-","0","変化","false","false"
"1-260","じこさいせい","0","-","-","10","-","0","変化","false","false"
"1-261","じごくぐるま","1","80","160","20","80","0","物理","true","true"
"1-262","じごくづき","16","80","160","15","100","0","物理","true","true"
"1-263","じしん","4","100","180","10","100","0","物理","false","true"
"1-264","じたばた","0","-","160","15","100","0","物理","true","true"
"1-265","じだんだ","4","75","140","10","100","0","物理","true","true"
"1-266","じならし","4","60","120","20","100","0","物理","false","true"
"1-267","じばく","0","200","200","5","100","0","物理","false","true"
"1-268","じばそうさ","12","-","-","20","-","0","変化","false","false"
"1-269","ジャイロボール","8","-","160","5","100","0","物理","true","true"
"1-270","じゃれつく","17","90","175","10","90","0","物理","true","true"
"1-271","じゅうでん","12","-","-","20","-","0","変化","false","false"
"1-272","10まんばりき","4","95","175","10","95","0","物理","true","true"
"1-273","10まんボルト","12","90","175","15","100","0","特殊","false","true"
"1-274","じゅうりょく","13","-","-","5","-","0","変化","false","false"
"1-275","じょうか","3","-","-","20","-","0","変化","false","true"
"1-276","じわれ","4","-","180","5","30","0","物理","false","true"
"1-277","じんつうりき","13","80","160","20","100","0","特殊","false","true"
"1-278","スーパーアクアトルネード","10","-","-","1","-","0","-","false","false"
"1-279","スイープビンタ","0","25","140","10","85","0","物理","true","true"
"1-280","すいとる","11","20","100","25","100","0","特殊","false","true"
"1-281","スカイアッパー","1","85","160","15","90","0","物理","true","true"
"1-282","スキルスワップ","13","-","-","10","-","0","変化","false","true"
"1-283","スケイルノイズ","15","110","185","5","100","0","特殊","false","true"
"1-284","スケッチ","0","-","-","1","-","0","変化","false","false"
"1-285","スチームバースト","10","110","185","5","95","0","特殊","false","true"
"1-286","すてゼリフ","16","-","-","20","100","0","変化","false","true"
"1-287","すてみタックル","0","120","190","15","100","0","物理","true","true"
"1-288","ステルスロック","5","-","-","20","-","0","変化","false","false"
"1-289","ストーンエッジ","5","100","180","5","80","0","物理","false","true"
"1-290","すなあつめ","4","-","-","10","-","0","変化","false","false"
"1-291","すなあらし","5","-","-","10","-","0","変化","false","false"
"1-292","すなかけ","4","-","-","15","100","0","変化","false","true"
"1-293","すなじごく","4","35","100","15","85","0","物理","false","true"
"1-294","スパーキングギガボルト","12","-","-","1","-","0","-","false","false"
"1-295","スパーク","12","65","120","20","100","0","物理","true","true"
"1-296","スピードスター","0","60","120","20","-","0","特殊","false","true"
"1-297","スピードスワップ","13","-","-","10","-","0","変化","false","true"
"1-298","スプーンまげ","13","-","-","15","80","0","変化","false","true"
"1-299","スポットライト","0","-","-","15","-","3","変化","false","true"
"1-300","スマートホーン","8","70","140","10","-","0","物理","true","true"
"1-301","スモッグ","3","30","100","20","70","0","特殊","false","true"
"1-302","すりかえ","16","-","-","10","100","0","変化","false","true"
"1-303","ずつき","0","70","140","15","100","0","物理","true","true"
"1-304","せいちょう","0","-","-","20","-","0","変化","false","false"
"1-305","せいなるつるぎ","1","90","175","15","100","0","物理","true","true"
"1-306","せいなるほのお","9","100","180","5","95","0","物理","false","true"
"1-307","ぜったいほしょくかいてんざん","6","-","-","1","-","0","-","false","false"
"1-308","ぜったいれいど","14","-","180","5","30","0","特殊","false","true"
"1-309","ぜんりょくむそうげきれつけん","1","-","-","1","-","0","-","false","false"
"1-310","ソーラービーム","11","120","190","10","100","0","特殊","false","true"
"1-311","ソーラーブレード","11","125","190","10","100","0","物理","true","true"
"1-312","そうでん","12","-","-","20","-","0","変化","false","true"
"1-313","ソニックブーム","0","-","100","20","90","0","特殊","false","true"
"1-314","そらをとぶ","2","90","175","15","95","0","物理","true","true"
"1-315","たいあたり","0","40","100","35","100","0","物理","true","true"
"1-316","たがやす","4","-","-","10","-","0","変化","false","false"
"1-317","たきのぼり","10","80","160","15","100","0","物理","true","true"
"1-318","たくわえる","0","-","-","20","-","0","変化","false","false"
"1-319","たたきつける","0","80","160","20","75","0","物理","true","true"
"1-320","たたみがえし","1","-","-","10","-","0","変化","false","false"
"1-321","たたりめ","7","65","160","10","100","0","特殊","false","true"
"1-322","たつまき","15","40","100","20","100","0","特殊","false","true"
"1-323","タネばくだん","11","80","160","15","100","0","物理","false","true"
"1-324","タネマシンガン","11","25","140","30","100","0","物理","false","true"
"1-325","タマゴうみ","0","-","-","10","-","0","変化","false","false"
"1-326","タマゴばくだん","0","100","180","10","75","0","物理","false","true"
"1-327","たまなげ","0","15","100","20","85","0","物理","false","true"
"1-328","ダークホール","16","-","-","10","50","0","変化","false","true"
"1-329","だいちのちから","4","90","175","10","100","0","特殊","false","true"
"1-330","ダイナミックフルフレイム","9","-","-","1","-","0","-","false","false"
"1-331","だいばくはつ","0","250","200","5","100","0","物理","false","true"
"1-332","ダイビング","10","80","160","10","100","0","物理","true","true"
"1-333","だいもんじ","9","110","185","5","85","0","特殊","false","true"
"1-334","ダイヤストーム","5","100","180","5","95","0","物理","false","true"
"1-335","だくりゅう","10","90","175","10","85","0","特殊","false","true"
"1-336","ダストシュート","3","120","190","5","80","0","物理","false","true"
"1-337","ダブルアタック","0","35","140","10","90","0","物理","true","true"
"1-338","ダブルチョップ","15","40","100","15","90","0","物理","true","true"
"1-339","ダブルニードル","6","25","100","20","100","0","物理","false","true"
"1-340","だましうち","16","60","120","20","-","0","物理","true","true"
"1-341","ダメおし","16","60","120","10","100","0","物理","true","true"
"1-342","だんがいのつるぎ","4","120","190","10","85","0","物理","false","true"
"1-343","ちいさくなる","0","-","-","10","-","0","変化","false","false"
"1-344","ちからをすいとる","11","-","-","10","100","0","変化","false","true"
"1-345","ちきゅうなげ","1","-","100","20","100","0","物理","true","true"
"1-346","チャージビーム","12","50","100","10","90","0","特殊","false","true"
"1-347","チャームボイス","17","40","100","15","-","0","特殊","false","true"
"1-348","ちょうおんぱ","0","-","-","20","55","0","変化","false","true"
"1-349","ちょうぜつらせんれんげき","8","-","-","1","-","0","-","false","false"
"1-350","ちょうのまい","6","-","-","20","-","0","変化","false","false"
"1-351","ちょうはつ","16","-","-","20","100","0","変化","false","true"
"1-352","ついばむ","2","60","120","20","100","0","物理","true","true"
"1-353","つきのひかり","17","-","-","5","-","0","変化","false","false"
"1-354","つけあがる","16","20","160","10","100","0","物理","true","true"
"1-355","つじぎり","16","70","140","15","100","0","物理","true","true"
"1-356","つっぱり","1","15","100","20","100","0","物理","true","true"
"1-357","つつく","2","35","100","35","100","0","物理","true","true"
"1-358","つのでつく","0","65","120","25","100","0","物理","true","true"
"1-359","つのドリル","0","-","180","5","30","0","物理","true","true"
"1-360","つばさでうつ","2","60","120","35","100","0","物理","true","true"
"1-361","つばめがえし","2","60","120","20","-","0","物理","true","true"
"1-362","つぶらなひとみ","17","-","-","30","100","1","変化","false","true"
"1-363","つぼをつく","0","-","-","30","-","0","変化","false","false"
"1-364","つめとぎ","16","-","-","15","-","0","変化","false","false"
"1-365","つららおとし","14","85","160","10","90","0","物理","false","true"
"1-366","つららばり","14","25","140","30","100","0","物理","false","true"
"1-367","つるぎのまい","0","-","-","20","-","0","変化","false","false"
"1-368","つるのムチ","11","45","100","25","100","0","物理","true","true"
"1-369","てかげん","0","40","100","40","100","0","物理","true","true"
"1-370","テクスチャー","0","-","-","30","-","0","変化","false","false"
"1-371","テクスチャー2","0","-","-","30","-","0","変化","false","false"
"1-372","テクノバスター","0","120","190","5","100","0","特殊","false","true"
"1-373","てだすけ","0","-","-","20","-","5","変化","false","false"
"1-374","てっぺき","8","-","-","15","-","0","変化","false","false"
"1-375","テレキネシス","13","-","-","15","-","0","変化","false","true"
"1-376","テレポート","13","-","-","20","-","0","変化","false","false"
"1-377","てをつなぐ","0","0","-","40","0","0","変化","false","false"
"1-378","てんこがすめつぼうのひかり","13","200","-","1","-","0","特殊","false","false"
"1-379","てんしのキッス","17","-","-","10","75","0","変化","false","true"
"1-380","であいがしら","6","90","175","10","100","2","物理","true","true"
"1-381","DDラリアット","16","85","160","10","100","0","物理","true","true"
"1-382","デスウイング","2","80","160","10","100","0","特殊","false","true"
"1-383","でんきショック","12","40","100","30","100","0","特殊","false","true"
"1-384","でんげきは","12","60","120","20","-","0","特殊","false","true"
"1-385","でんこうせっか","0","40","100","30","100","1","物理","true","true"
"1-386","でんじは","12","-","-","20","90","0","変化","false","true"
"1-387","でんじふゆう","12","-","-","10","-","0","変化","false","false"
"1-388","でんじほう","12","120","190","5","50","0","特殊","false","true"
"1-389","トーチカ","3","-","-","10","-","4","変化","false","false"
"1-390","とおせんぼう","0","-","-","5","-","0","変化","false","false"
"1-391","とおぼえ","0","-","-","40","-","0","変化","false","false"
"1-392","ときのほうこう","15","150","200","5","90","0","特殊","false","true"
"1-393","とぎすます","0","-","-","30","-","0","変化","false","false"
"1-394","とぐろをまく","3","-","-","20","-","0","変化","false","false"
"1-395","とける","3","-","-","20","-","0","変化","false","false"
"1-396","とげキャノン","0","20","100","15","100","0","物理","false","true"
"1-397","とっしん","0","90","175","20","85","0","物理","true","true"
"1-398","とっておき","0","140","200","5","100","0","物理","true","true"
"1-399","とどめばり","6","50","100","25","100","0","物理","true","true"
"1-400","とびかかる","6","80","160","15","100","0","物理","true","true"
"1-401","とびげり","1","100","180","10","95","0","物理","true","true"
"1-402","とびはねる","2","85","160","5","85","0","物理","true","true"
"1-403","とびひざげり","1","130","195","10","90","0","物理","true","true"
"1-404","ともえなげ","1","60","120","10","90","-6","物理","true","true"
"1-405","トライアタック","0","80","160","10","100","0","特殊","false","true"
"1-406","トラップシェル","9","150","200","5","100","-3","特殊","false","true"
"1-407","トリック","13","-","-","10","100","0","変化","false","true"
"1-408","トリックガード","17","-","-","10","-","3","変化","false","false"
"1-409","トリックルーム","13","-","-","5","-","-7","変化","false","false"
"1-410","トリプルキック","1","10","120","10","90","0","物理","true","true"
"1-411","トロピカルキック","11","70","140","15","100","0","物理","true","true"
"1-412","とんぼがえり","6","70","140","20","100","0","物理","true","true"
"1-413","どくガス","3","-","-","40","90","0","変化","false","true"
"1-414","どくづき","3","80","160","20","100","0","物理","true","true"
"1-415","どくどく","3","-","-","10","90","0","変化","false","true"
"1-416","どくどくのキバ","3","50","100","15","100","0","物理","true","true"
"1-417","どくのいと","3","-","-","20","100","0","変化","false","true"
"1-418","どくのこな","3","-","-","35","75","0","変化","false","true"
"1-419","どくばり","3","15","100","35","100","0","物理","false","true"
"1-420","どくびし","3","-","-","20","-","0","変化","false","false"
"1-421","ドラゴンクロー","15","80","160","15","100","0","物理","true","true"
"1-422","ドラゴンダイブ","15","100","180","10","75","0","物理","true","true"
"1-423","ドラゴンテール","15","60","120","10","90","-6","物理","true","true"
"1-424","ドラゴンハンマー","15","90","175","15","100","0","物理","true","true"
"1-425","ドリルくちばし","2","80","160","20","100","0","物理","true","true"
"1-426","ドリルライナー","4","80","160","10","95","0","物理","true","true"
"1-427","ドレインキッス","17","50","100","10","100","0","特殊","true","true"
"1-428","ドレインパンチ","1","75","140","10","100","0","物理","true","true"
"1-429","どろあそび","4","-","-","15","-","0","変化","false","false"
"1-430","どろかけ","4","20","100","10","100","0","特殊","false","true"
"1-431","どろばくだん","4","65","120","10","85","0","特殊","false","true"
"1-432","どろぼう","16","60","120","25","100","0","物理","true","true"
"1-433","ドわすれ","13","-","-","20","-","0","変化","false","false"
"1-434","ないしょばなし","0","-","-","20","-","0","変化","false","false"
"1-435","ナイトバースト","16","85","160","10","95","0","特殊","false","true"
"1-436","ナイトヘッド","7","-","100","15","100","0","特殊","false","true"
"1-437","ナインエボルブースト","0","-","-","1","-","0","変化","false","false"
"1-438","なかまづくり","0","-","-","15","100","0","変化","false","true"
"1-439","なかよくする","0","-","-","20","-","0","変化","false","false"
"1-440","なきごえ","0","-","-","40","100","0","変化","false","true"
"1-441","なげつける","16","-","100","10","100","0","物理","false","true"
"1-442","なしくずし","0","70","140","20","100","0","物理","true","true"
"1-443","なまける","0","-","-","10","-","0","変化","false","false"
"1-444","なみだめ","0","-","-","20","-","0","変化","false","false"
"1-445","なみのり","10","90","175","15","100","0","特殊","false","true"
"1-446","なやみのタネ","11","-","-","10","100","0","変化","false","true"
"1-447","なりきり","13","-","-","10","-","0","変化","false","false"
"1-448","ニードルアーム","11","60","120","15","100","0","物理","true","true"
"1-449","ニードルガード","11","-","-","10","-","4","変化","false","false"
"1-450","にぎりつぶす","0","-","190","5","100","0","物理","true","true"
"1-451","ニトロチャージ","9","50","100","20","100","0","物理","true","true"
"1-452","にどげり","1","30","100","30","100","0","物理","true","true"
"1-453","にほんばれ","9","-","-","5","-","0","変化","false","false"
"1-454","にらみつける","0","-","-","30","100","0","変化","false","true"
"1-455","ねがいごと","0","-","-","10","-","0","変化","false","false"
"1-456","ねこだまし","0","40","100","10","100","3","物理","true","true"
"1-457","ネコにこばん","0","40","100","20","100","0","物理","false","true"
"1-458","ねこのて","0","-","-","20","-","0","変化","false","false"
"1-459","ねごと","0","-","-","10","-","0","変化","false","false"
"1-460","ねっとう","10","80","160","15","100","0","特殊","false","true"
"1-461","ねっぷう","9","95","175","10","90","0","特殊","false","true"
"1-462","ねばねばネット","6","-","-","20","-","0","変化","false","false"
"1-463","ねむりごな","11","-","-","15","75","0","変化","false","true"
"1-464","ねむる","13","-","-","10","-","0","変化","false","false"
"1-465","ねをはる","11","-","-","20","-","0","変化","false","false"
"1-466","ねんりき","13","50","100","25","100","0","特殊","false","true"
"1-467","のしかかり","0","85","160","15","100","0","物理","true","true"
"1-468","のみこむ","0","-","-","10","-","0","変化","false","false"
"1-469","のろい","7","-","-","10","-","0","変化","false","false"
"1-470","ハートスタンプ","13","60","120","25","100","0","物理","true","true"
"1-471","ハートスワップ","13","-","-","10","-","0","変化","false","true"
"1-472","ハードプラント","11","150","200","5","90","0","特殊","false","true"
"1-473","ハードローラー","6","65","120","20","100","0","物理","true","true"
"1-474","ハイドロカノン","10","150","200","5","90","0","特殊","false","true"
"1-475","ハイドロポンプ","10","110","185","5","80","0","特殊","false","true"
"1-476","ハイパーダーククラッシャー","16","180","-","1","-","0","物理","true","false"
"1-477","ハイパーボイス","0","90","175","10","100","0","特殊","false","true"
"1-478","はかいこうせん","0","150","200","5","90","0","特殊","false","true"
"1-479","はがねのつばさ","8","70","140","25","90","0","物理","true","true"
"1-480","はきだす","0","-","100","10","100","0","特殊","false","true"
"1-481","ハサミギロチン","0","-","180","5","30","0","物理","true","true"
"1-482","はさむ","0","55","100","30","100","0","物理","true","true"
"1-483","はじけるほのお","9","70","140","15","100","0","特殊","false","true"
"1-484","はたきおとす","16","65","120","20","100","0","物理","true","true"
"1-485","はたく","0","40","100","35","100","0","物理","true","true"
"1-486","はっけい","1","60","120","10","100","0","物理","true","true"
"1-487","はっぱカッター","11","55","100","25","95","0","物理","false","true"
"1-488","ハッピータイム","0","0","-","30","0","0","変化","false","false"
"1-489","はどうだん","1","80","160","20","-","0","特殊","false","true"
"1-490","はなびらのまい","11","120","190","10","100","0","特殊","true","true"
"1-491","はなふぶき","11","90","175","15","100","0","物理","false","true"
"1-492","はねやすめ","2","-","-","10","-","0","変化","false","false"
"1-493","はねる","0","-","-","40","-","0","変化","false","false"
"1-494","はめつのねがい","8","140","200","5","100","0","特殊","false","false"
"1-495","はめつのひかり","17","140","200","5","90","0","特殊","false","true"
"1-496","はらだいこ","0","-","-","10","-","0","変化","false","false"
"1-497","ハロウィン","7","-","-","20","100","0","変化","false","true"
"1-498","バークアウト","16","55","100","15","95","0","特殊","false","true"
"1-499","ばかぢから","1","120","190","5","100","0","物理","true","true"
"1-500","ばくおんぱ","0","140","200","10","100","0","特殊","false","true"
"1-501","ばくれつパンチ","1","100","180","5","50","0","物理","true","true"
"1-502","バトンタッチ","0","-","-","40","-","0","変化","false","false"
"1-503","バブルこうせん","10","65","120","20","100","0","特殊","false","true"
"1-504","バリアー","13","-","-","20","-","0","変化","false","false"
"1-505","バレットパンチ","8","40","100","30","100","1","物理","true","true"
"1-506","パラボラチャージ","12","65","120","20","100","0","特殊","false","true"
"1-507","パワーウィップ","11","120","190","10","85","0","物理","true","true"
"1-508","パワーシェア","13","-","-","10","-","0","変化","false","true"
"1-509","パワージェム","5","80","160","20","100","0","特殊","false","true"
"1-510","パワースワップ","13","-","-","10","-","0","変化","false","true"
"1-511","パワートリック","13","-","-","10","-","0","変化","false","false"
"1-512","ヒートスタンプ","9","-","160","10","100","0","物理","true","true"
"1-513","ひかりのかべ","13","-","-","30","-","0","変化","false","false"
"1-514","ひっかく","0","40","100","35","100","0","物理","true","true"
"1-515","ひっくりかえす","16","-","-","20","-","0","変化","false","true"
"1-516","ひっさつのピカチュート","12","210","-","1","-","0","物理","true","false"
"1-517","ひっさつまえば","0","80","160","15","90","0","物理","true","true"
"1-518","ひのこ","9","40","100","25","100","0","特殊","false","true"
"1-519","ひみつのちから","0","70","140","20","100","0","物理","false","true"
"1-520","ビックリヘッド","9","150","200","5","100","0","特殊","false","true"
"1-521","びりびりちくちく","12","80","160","10","100","0","物理","true","true"
"1-522","ビルドアップ","1","-","-","20","-","0","変化","false","false"
"1-523","ピヨピヨパンチ","0","70","140","10","100","0","物理","true","true"
"1-524","ファイナルダイブクラッシュ","2","-","-","1","-","0","-","false","false"
"1-525","ファストガード","1","-","-","15","-","3","変化","false","false"
"1-526","ふいうち","16","70","140","5","100","1","物理","true","true"
"1-527","ふういん","13","-","-","10","-","0","変化","false","false"
"1-528","フェアリーロック","17","-","-","10","-","0","変化","false","false"
"1-529","フェイント","0","30","100","10","100","2","物理","false","false"
"1-530","フェザーダンス","2","-","-","15","100","0","変化","false","true"
"1-531","フォトンゲイザー","13","100","180","5","100","0","特殊","false","true"
"1-532","ふきとばし","0","-","-","20","-","-6","変化","false","false"
"1-533","ふくろだたき","16","-","100","10","100","0","物理","false","true"
"1-534","ふぶき","14","110","185","5","70","0","特殊","false","true"
"1-535","ふみつけ","0","65","120","20","100","0","物理","true","true"
"1-536","フライングプレス","1","100","170","10","95","0","物理","true","true"
"1-537","フラッシュ","0","-","-","20","100","0","変化","false","true"
"1-538","フラフラダンス","0","-","-","20","100","0","変化","false","true"
"1-539","フラワーガード","17","-","-","10","-","0","変化","false","false"
"1-540","フラワーヒール","17","-","-","10","-","0","変化","false","true"
"1-541","フリーズドライ","14","70","140","20","100","0","特殊","false","true"
"1-542","フリーズボルト","14","140","200","5","90","0","物理","false","true"
"1-543","フリーフォール","2","60","120","10","100","0","物理","true","true"
"1-544","フルールカノン","17","130","195","5","90","0","特殊","false","true"
"1-545","ふるいたてる","0","-","-","30","-","0","変化","false","false"
"1-546","フレアドライブ","9","120","190","15","100","0","物理","true","true"
"1-547","ふんえん","9","80","160","15","100","0","特殊","false","true"
"1-548","ふんか","9","150","200","5","100","0","特殊","false","true"
"1-549","ふんじん","6","-","-","20","100","1","変化","false","true"
"1-550","Vジェネレート","9","180","220","5","95","0","物理","true","true"
"1-551","ブラストバーン","9","150","200","5","90","0","特殊","false","true"
"1-552","ブラックホールイクリプス","16","-","-","1","-","0","-","false","false"
"1-553","ブルームシャインエクストラ","11","-","-","1","-","0","-","false","false"
"1-554","ブレイククロー","0","75","140","10","95","0","物理","true","true"
"1-555","ブレイジングソウルビート","15","185","-","1","-","0","特殊","false","false"
"1-556","ブレイズキック","9","85","160","10","90","0","物理","true","true"
"1-557","ブレイブバード","2","120","190","15","100","0","物理","true","true"
"1-558","ぶんまわす","16","60","120","20","100","0","物理","true","true"
"1-559","プラズマシャワー","12","-","-","25","-","1","変化","false","false"
"1-560","プラズマフィスト","12","100","180","15","100","0","物理","true","true"
"1-561","プリズムレーザー","13","160","200","10","100","0","特殊","false","true"
"1-562","プレゼント","0","-","100","15","90","0","物理","false","true"
"1-563","ヘドロウェーブ","3","95","175","10","100","0","特殊","false","true"
"1-564","ヘドロこうげき","3","65","120","20","100","0","特殊","false","true"
"1-565","ヘドロばくだん","3","90","175","10","100","0","特殊","false","true"
"1-566","ヘビーボンバー","8","-","160","10","100","0","物理","true","true"
"1-567","へびにらみ","0","-","-","30","100","0","変化","false","true"
"1-568","へんしん","0","-","-","10","-","0","変化","false","false"
"1-569","ベノムショック","3","65","120","10","100","0","特殊","false","true"
"1-570","ベノムトラップ","3","-","-","20","100","0","変化","false","true"
"1-571","ほうでん","12","80","160","15","100","0","特殊","false","true"
"1-572","ほえる","0","-","-","20","-","-6","変化","false","false"
"1-573","ほごしょく","0","-","-","20","-","0","変化","false","false"
"1-574","ほしがる","0","60","120","25","100","0","物理","true","true"
"1-575","ほたるび","6","-","-","20","-","0","変化","false","false"
"1-576","ほっぺすりすり","12","20","100","20","100","0","物理","true","true"
"1-577","ホネこんぼう","4","65","120","20","85","0","物理","false","true"
"1-578","ホネブーメラン","4","50","100","10","90","0","物理","false","true"
"1-579","ほのおのうず","9","35","100","15","85","0","特殊","false","true"
"1-580","ほのおのキバ","9","65","120","15","95","0","物理","true","true"
"1-581","ほのおのちかい","9","80","160","10","100","0","特殊","false","true"
"1-582","ほのおのパンチ","9","75","140","15","100","0","物理","true","true"
"1-583","ほのおのまい","9","80","160","10","100","0","特殊","false","true"
"1-584","ほのおのムチ","9","80","160","15","100","0","物理","true","true"
"1-585","ほろびのうた","0","-","-","5","-","0","変化","false","false"
"1-586","ほんきをだす こうげき","0","210","-","1","-","0","物理","true","false"
"1-587","ボーンラッシュ","4","25","140","10","90","0","物理","false","true"
"1-588","ぼうぎょしれい","6","-","-","10","-","0","変化","false","false"
"1-589","ぼうふう","2","110","185","10","70","0","特殊","false","true"
"1-590","ボディパージ","8","-","-","15","-","0","変化","false","false"
"1-591","ボルテッカー","12","120","190","15","100","0","物理","true","true"
"1-592","ボルトチェンジ","12","70","140","20","100","0","特殊","false","true"
"1-593","ポイズンテール","3","50","100","25","100","0","物理","true","true"
"1-594","ぽかぼかフレンドタイム","17","190","-","1","-","0","物理","true","false"
"1-595","マキシマムサイブレイカー","13","-","-","1","-","0","-","false","false"
"1-596","まきつく","0","15","100","20","90","0","物理","true","true"
"1-597","まきびし","4","-","-","20","-","0","変化","false","false"
"1-598","マグニチュード","4","-","140","30","100","0","物理","false","true"
"1-599","マグネットボム","8","60","120","20","-","0","物理","false","true"
"1-600","マグマストーム","9","100","180","5","75","0","特殊","false","true"
"1-601","マジカルシャイン","17","80","160","10","100","0","特殊","false","true"
"1-602","マジカルフレイム","9","75","140","10","100","0","特殊","false","true"
"1-603","マジカルリーフ","11","60","120","20","-","0","特殊","false","true"
"1-604","マジックコート","13","-","-","15","-","4","変化","false","false"
"1-605","マジックルーム","13","-","-","10","-","0","変化","false","false"
"1-606","マッドショット","4","55","100","15","95","0","特殊","false","true"
"1-607","マッハパンチ","1","40","100","30","100","1","物理","true","true"
"1-608","まとわりつく","6","20","100","20","100","0","特殊","true","true"
"1-609","まねっこ","0","-","-","20","-","0","変化","false","false"
"1-610","まもる","0","-","-","10","-","4","変化","false","false"
"1-611","まるくなる","0","-","-","40","-","0","変化","false","false"
"1-612","マルチアタック","0","90","185","10","100","0","物理","true","true"
"1-613","まわしげり","1","60","120","15","85","0","物理","true","true"
"1-614","みかづきのまい","13","-","-","10","-","0","変化","false","false"
"1-615","みがわり","0","-","-","10","-","0","変化","false","false"
"1-616","みきり","1","-","-","5","-","4","変化","false","false"
"1-617","ミサイルばり","6","25","140","20","95","0","物理","false","true"
"1-618","ミストフィールド","17","-","-","10","-","0","変化","false","false"
"1-619","ミストボール","13","70","140","5","100","0","特殊","false","true"
"1-620","みずあそび","10","-","-","15","-","0","変化","false","false"
"1-621","みずしゅりけん","10","15","100","20","100","1","特殊","false","true"
"1-622","みずでっぽう","10","40","100","25","100","0","特殊","false","true"
"1-623","みずのちかい","10","80","160","10","100","0","特殊","false","true"
"1-624","みずのはどう","10","60","120","20","100","0","特殊","false","true"
"1-625","みずびたし","10","-","-","20","100","0","変化","false","true"
"1-626","みだれづき","0","15","100","20","85","0","物理","true","true"
"1-627","みだれひっかき","0","18","100","15","80","0","物理","true","true"
"1-628","みちづれ","7","-","-","5","-","0","変化","false","false"
"1-629","みねうち","0","40","100","40","100","0","物理","true","true"
"1-630","みやぶる","0","-","-","40","-","0","変化","false","true"
"1-631","ミラーコート","13","-","100","20","100","-5","特殊","false","true"
"1-632","ミラーショット","8","65","120","10","85","0","特殊","false","true"
"1-633","ミラータイプ","0","-","-","15","-","0","変化","false","true"
"1-634","みらいよち","13","120","190","10","100","0","特殊","false","false"
"1-635","ミラクルアイ","13","-","-","40","-","0","変化","false","true"
"1-636","ミルクのみ","0","-","-","10","-","0","変化","false","false"
"1-637","ムーンフォース","17","95","175","15","100","0","特殊","false","true"
"1-638","ムーンライトブラスター","7","200","-","1","-","0","特殊","false","false"
"1-639","むげんあんやへのいざない","7","-","-","1","-","0","-","false","false"
"1-640","むしくい","6","60","120","20","100","0","物理","true","true"
"1-641","むしのさざめき","6","90","175","10","100","0","特殊","false","true"
"1-642","むしのていこう","6","50","100","20","100","0","特殊","false","true"
"1-643","めいそう","13","-","-","20","-","0","変化","false","false"
"1-644","メガトンキック","0","120","190","5","75","0","物理","true","true"
"1-645","メガトンパンチ","0","80","160","20","85","0","物理","true","true"
"1-646","メガドレイン","11","40","120","15","100","0","特殊","false","true"
"1-647","メガホーン","6","120","190","10","85","0","物理","true","true"
"1-648","めざましビンタ","1","70","140","10","100","0","物理","true","true"
"1-649","めざめるダンス","0","90","175","15","100","0","特殊","false","true"
"1-650","めざめるパワー","0","60","120","15","100","0","特殊","false","true"
"1-651","メタルクロー","8","50","100","35","95","0","物理","true","true"
"1-652","メタルバースト","8","-","100","10","100","0","物理","false","true"
"1-653","メテオドライブ","8","100","180","5","100","0","物理","true","true"
"1-654","メロメロ","0","-","-","15","100","0","変化","false","true"
"1-655","もえつきる","9","130","195","5","100","0","特殊","false","true"
"1-656","ものまね","0","-","-","10","-","0","変化","false","true"
"1-657","もりののろい","11","-","-","20","100","0","変化","false","true"
"1-658","もろはのずつき","5","150","200","5","80","0","物理","true","true"
"1-659","やきつくす","9","60","120","15","100","0","特殊","false","true"
"1-660","やつあたり","0","-","160","20","100","0","物理","true","true"
"1-661","やどりぎのタネ","11","-","-","10","90","0","変化","false","true"
"1-662","やまあらし","1","60","120","10","100","0","物理","true","true"
"1-663","ゆうわく","0","-","-","20","100","0","変化","false","true"
"1-664","ゆきなだれ","14","60","120","10","100","-4","物理","true","true"
"1-665","ゆびをふる","0","-","-","10","-","0","変化","false","false"
"1-666","ゆめくい","13","100","180","15","100","0","特殊","false","true"
"1-667","ようかいえき","3","40","100","30","100","0","特殊","false","true"
"1-668","ようせいのかぜ","17","40","100","30","100","0","特殊","false","true"
"1-669","ヨガのポーズ","13","-","-","40","-","0","変化","false","false"
"1-670","よこどり","16","-","-","10","-","4","変化","false","false"
"1-671","らいげき","12","130","195","5","85","0","物理","true","true"
"1-672","ライジングランドオーバー","4","-","-","1","-","0","-","false","false"
"1-673","ライトニングサーフライド","12","175","-","1","-","0","特殊","false","false"
"1-674","ラジアルエッジストーム","5","190","-","1","-","0","物理","false","false"
"1-675","ラスターカノン","8","80","160","10","100","0","特殊","false","true"
"1-676","ラスターパージ","13","70","140","5","100","0","特殊","false","true"
"1-677","ラブリースターインパクト","17","-","-","1","-","0","-","false","false"
"1-678","リーフストーム","11","130","195","5","90","0","特殊","false","true"
"1-679","リーフブレード","11","90","175","15","100","0","物理","true","true"
"1-680","リサイクル","0","-","-","10","-","0","変化","false","false"
"1-681","リフレクター","13","-","-","20","-","0","変化","false","false"
"1-682","リフレッシュ","0","-","-","20","-","0","変化","false","false"
"1-683","リベンジ","1","60","120","10","100","-4","物理","true","true"
"1-684","りゅうせいぐん","15","130","195","5","90","0","特殊","false","true"
"1-685","りゅうのいかり","15","-","100","10","100","0","特殊","false","true"
"1-686","りゅうのいぶき","15","60","120","20","100","0","特殊","false","true"
"1-687","りゅうのはどう","15","85","160","10","100","0","特殊","false","true"
"1-688","りゅうのまい","15","-","-","20","-","0","変化","false","false"
"1-689","りんしょう","0","60","120","15","100","0","特殊","false","true"
"1-690","レイジングジオフリーズ","14","-","-","1","-","0","-","false","false"
"1-691","れいとうパンチ","14","75","140","15","100","0","物理","true","true"
"1-692","れいとうビーム","14","90","175","10","100","0","特殊","false","true"
"1-693","れんごく","9","100","180","5","50","0","特殊","false","true"
"1-694","れんぞくぎり","6","40","100","20","95","0","物理","true","true"
"1-695","れんぞくパンチ","0","18","100","15","85","0","物理","true","true"
"1-696","ローキック","1","65","120","20","100","0","物理","true","true"
"1-697","ロケットずつき","0","130","195","10","100","0","物理","true","true"
"1-698","ロックオン","0","-","-","5","-","0","変化","false","true"
"1-699","ロックカット","5","-","-","20","-","0","変化","false","false"
"1-700","ロッククライム","0","90","175","20","85","0","物理","true","true"
"1-701","ロックブラスト","5","25","140","10","90","0","物理","false","true"
"1-702","ワールズエンドフォール","5","-","-","1","-","0","-","false","false"
"1-703","ワイドガード","5","-","-","10","-","3","変化","false","false"
"1-704","ワイルドボルト","12","90","175","15","100","0","物理","true","true"
"1-705","わたほうし","11","-","-","40","100","0","変化","false","true"
"1-706","わだつみのシンフォニア","10","195","-","1","-","0","特殊","false","false"
"1-707","わるあがき","0","50","1","1","-","0","物理","true","true"
"1-708","わるだくみ","16","-","-","20","-","0","変化","false","false"
"1-709","ワンダールーム","13","-","-","10","-","0","変化","false","false"
