"pokemonId","hp","attack","defense","spAttack","spDefense","speed"
"1-n1","45","49","49","65","65","45"
"1-n2","60","62","63","80","80","60"
"1-n3","80","82","83","100","100","80"
"1-n3m","80","100","123","122","120","80"
"1-n4","39","52","43","60","50","65"
"1-n5","58","64","58","80","65","80"
"1-n6","78","84","78","109","85","100"
"1-n6x","78","130","111","130","85","100"
"1-n6y","78","104","78","159","115","100"
"1-n7","44","48","65","50","64","43"
"1-n8","59","63","80","65","80","58"
"1-n9","79","83","100","85","105","78"
"1-n9m","79","103","120","135","115","78"
"1-n10","45","30","35","20","20","45"
"1-n11","50","20","55","25","25","30"
"1-n12","60","45","50","90","80","70"
"1-n13","40","35","30","20","20","50"
"1-n14","45","25","50","25","25","35"
"1-n15","65","90","40","45","80","75"
"1-n15m","65","150","40","15","80","145"
"1-n16","40","45","40","35","35","56"
"1-n17","63","60","55","50","50","71"
"1-n18","83","80","75","70","70","101"
"1-n18m","83","80","80","135","80","121"
"1-n19","30","56","35","25","35","72"
"1-n19a","30","56","35","25","35","72"
"1-n20","55","81","60","50","70","97"
"1-n20a","75","71","70","40","80","77"
"1-n21","40","60","30","31","31","70"
"1-n22","65","90","65","61","61","100"
"1-n23","35","60","44","40","54","55"
"1-n24","60","0","69","65","79","80"
"1-n25","35","55","40","50","50","90"
"1-n26","60","90","55","90","80","110"
"1-n26a","60","85","50","95","85","110"
"1-n27","50","75","85","20","30","40"
"1-n27a","50","75","90","10","35","40"
"1-n28","75","100","110","45","55","65"
"1-n28a","75","100","120","25","65","65"
"1-n29","55","47","52","40","40","41"
"1-n30","70","62","67","55","55","56"
"1-n31","90","92","87","75","85","76"
"1-n32","46","57","40","40","40","50"
"1-n33","61","72","57","55","55","65"
"1-n34","81","102","77","85","75","85"
"1-n35","70","45","48","60","65","35"
"1-n36","95","70","73","95","90","60"
"1-n37","38","41","40","50","65","65"
"1-n37a","38","41","40","50","65","65"
"1-n38","73","76","75","81","100","100"
"1-n38a","73","67","75","81","100","109"
"1-n39","115","45","20","45","25","20"
"1-n40","140","70","45","85","50","45"
"1-n41","40","45","35","30","40","55"
"1-n42","75","80","70","65","75","90"
"1-n43","45","50","55","75","65","30"
"1-n44","60","65","70","85","75","40"
"1-n45","75","80","85","110","90","50"
"1-n46","35","70","55","45","55","25"
"1-n47","60","95","80","60","80","30"
"1-n48","60","55","50","40","55","45"
"1-n49","70","65","60","90","75","90"
"1-n50","10","55","25","35","45","95"
"1-n50a","10","55","30","35","45","90"
"1-n51","35","0","50","50","70","120"
"1-n51a","35","100","60","50","70","110"
"1-n52","40","45","35","40","40","90"
"1-n52a","40","35","35","50","40","90"
"1-n53","65","70","60","65","65","115"
"1-n53a","65","60","60","75","65","115"
"1-n54","50","52","48","65","50","55"
"1-n55","80","82","78","95","80","85"
"1-n56","40","80","35","35","45","70"
"1-n57","65","105","60","60","70","95"
"1-n58","55","70","45","70","50","60"
"1-n59","90","110","80","100","80","95"
"1-n60","40","50","40","40","40","90"
"1-n61","65","65","65","50","50","90"
"1-n62","90","95","95","70","90","70"
"1-n63","25","20","15","105","55","90"
"1-n64","40","35","30","120","70","105"
"1-n65","55","50","45","135","95","120"
"1-n65m","55","50","65","175","0","150"
"1-n66","70","80","50","35","35","35"
"1-n67","80","100","70","50","60","45"
"1-n68","90","130","80","65","85","55"
"1-n69","50","75","35","70","30","40"
"1-n70","65","90","50","85","45","55"
"1-n71","80","105","65","100","70","70"
"1-n72","40","40","35","50","100","70"
"1-n73","80","70","65","80","120","100"
"1-n74","40","80","100","30","30","20"
"1-n74a","40","80","100","30","30","20"
"1-n75","55","95","115","45","45","35"
"1-n75a","55","95","115","45","45","35"
"1-n76","80","120","130","55","65","45"
"1-n76a","80","120","130","55","65","45"
"1-n77","50","85","55","65","65","90"
"1-n78","65","100","70","80","80","105"
"1-n79","90","65","65","40","40","15"
"1-n80","95","75","110","100","80","30"
"1-n80m","95","75","180","130","80","30"
"1-n81","25","35","70","95","55","45"
"1-n82","50","60","95","120","70","70"
"1-n83","52","0","55","58","62","60"
"1-n84","35","85","45","35","35","75"
"1-n85","60","110","70","60","60","0"
"1-n86","65","45","55","45","70","45"
"1-n87","90","70","80","70","95","70"
"1-n88","80","80","50","40","50","25"
"1-n88a","80","80","50","40","50","25"
"1-n89","105","105","75","65","100","50"
"1-n89a","105","105","75","65","100","50"
"1-n90","30","65","100","45","25","40"
"1-n91","50","95","180","85","45","70"
"1-n92","30","35","30","100","35","80"
"1-n93","45","50","45","115","55","95"
"1-n94","60","65","60","130","75","110"
"1-n94m","60","65","80","170","95","130"
"1-n95","35","45","160","30","45","70"
"1-n96","60","48","45","43","90","42"
"1-n97","85","73","70","73","115","67"
"1-n98","30","105","90","25","25","50"
"1-n99","55","130","115","50","50","75"
"1-n100","40","30","50","55","55","100"
"1-n101","60","50","70","80","80","0"
"1-n102","60","40","80","60","45","40"
"1-n103","95","95","85","125","0","55"
"1-n103a","95","105","85","125","75","45"
"1-n104","50","50","95","40","50","35"
"1-n105","60","80","110","50","80","45"
"1-n105a","60","80","110","50","80","45"
"1-n106","50","120","53","35","110","87"
"1-n107","50","105","79","35","110","76"
"1-n108","90","55","75","60","75","30"
"1-n109","40","65","95","60","45","35"
"1-n110","65","90","120","85","70","60"
"1-n111","80","85","95","30","30","25"
"1-n112","105","130","120","45","45","40"
"1-n113","250","5","5","35","105","50"
"1-n114","65","55","115","100","40","60"
"1-n115","105","95","80","40","80","90"
"1-n115m","105","125","100","60","100","100"
"1-n116","30","40","70","70","25","60"
"1-n117","55","65","95","95","45","85"
"1-n118","45","67","60","35","50","63"
"1-n119","80","92","65","65","80","68"
"1-n120","30","45","55","70","55","85"
"1-n121","60","75","85","100","85","115"
"1-n122","40","45","65","100","120","90"
"1-n123","70","110","80","55","80","105"
"1-n124","65","50","35","115","95","95"
"1-n125","65","83","57","95","85","105"
"1-n126","65","95","57","100","85","93"
"1-n127","65","125","100","55","70","85"
"1-n127m","65","155","120","65","90","105"
"1-n128","75","100","95","40","70","110"
"1-n129","20","10","55","15","20","80"
"1-n130","95","125","79","60","100","81"
"1-n130m","95","155","109","70","130","81"
"1-n131","130","85","80","85","95","60"
"1-n132","48","48","48","48","48","48"
"1-n133","55","55","50","45","65","55"
"1-n134","130","65","60","110","95","65"
"1-n135","65","65","60","110","95","130"
"1-n136","65","130","60","95","110","65"
"1-n137","65","60","70","85","75","40"
"1-n138","35","40","100","90","55","35"
"1-n139","70","60","125","115","70","55"
"1-n140","30","80","90","55","45","55"
"1-n141","60","115","105","65","70","80"
"1-n142","80","105","65","60","75","130"
"1-n142m","80","135","85","70","95","150"
"1-n143","160","110","65","65","110","30"
"1-n144","90","85","100","95","125","85"
"1-n145","90","90","85","125","90","100"
"1-n146","90","100","90","125","85","90"
"1-n147","41","64","45","50","50","50"
"1-n148","61","84","65","70","70","70"
"1-n149","91","134","95","100","100","80"
"1-n150","106","110","90","154","90","130"
"1-n150x","106","190","100","154","100","130"
"1-n150y","106","150","70","194","120","140"
"1-n151","100","100","100","100","100","100"
"1-n152","45","49","65","49","65","45"
"1-n153","60","62","80","63","80","60"
"1-n154","80","82","100","83","100","80"
"1-n155","39","52","43","60","50","65"
"1-n156","58","64","58","80","65","80"
"1-n157","78","84","78","109","85","100"
"1-n158","50","65","64","44","48","43"
"1-n159","65","80","80","59","63","58"
"1-n160","85","105","100","79","83","78"
"1-n161","35","46","34","35","45","20"
"1-n162","85","76","64","45","55","90"
"1-n163","60","30","30","36","56","50"
"1-n164","100","50","50","0","96","70"
"1-n165","40","20","30","40","80","55"
"1-n166","55","35","50","55","110","85"
"1-n167","40","60","40","40","40","30"
"1-n168","70","90","70","60","0","40"
"1-n169","85","90","80","70","80","130"
"1-n170","75","38","38","56","56","67"
"1-n171","125","58","58","76","76","67"
"1-n172","20","40","15","35","35","60"
"1-n173","50","25","28","45","55","15"
"1-n174","90","30","15","40","20","15"
"1-n175","35","20","65","40","65","20"
"1-n176","55","40","85","80","105","40"
"1-n177","40","50","45","70","45","70"
"1-n178","65","75","70","95","70","95"
"1-n179","55","40","40","65","45","35"
"1-n180","70","55","55","80","60","45"
"1-n181","90","75","85","115","90","55"
"1-n181m","90","95","105","165","110","45"
"1-n182","75","80","95","90","100","50"
"1-n183","70","20","50","20","50","40"
"1-n184","100","50","80","60","80","50"
"1-n185","70","100","115","30","65","30"
"1-n186","90","75","75","90","100","70"
"1-n187","35","35","40","35","55","50"
"1-n188","55","45","50","45","65","80"
"1-n189","75","55","70","55","95","110"
"1-n190","55","70","55","40","55","85"
"1-n191","30","30","30","30","30","30"
"1-n192","75","75","55","105","85","30"
"1-n193","65","65","45","75","45","95"
"1-n194","55","45","45","25","25","15"
"1-n195","95","85","85","65","65","35"
"1-n196","65","65","60","130","95","110"
"1-n197","95","65","110","60","130","65"
"1-n198","60","85","42","85","42","91"
"1-n199","95","75","80","100","110","30"
"1-n200","60","60","60","85","85","85"
"1-n201","48","72","48","72","48","48"
"1-n202","190","33","58","33","58","33"
"1-n203","70","80","65","90","65","85"
"1-n204","50","65","90","35","35","15"
"1-n205","75","90","140","60","60","40"
"1-n206","100","70","70","65","65","45"
"1-n207","65","75","105","35","65","85"
"1-n208","75","85","200","55","65","30"
"1-n208m","75","125","230","55","95","30"
"1-n209","60","80","50","40","40","30"
"1-n210","90","120","75","60","60","45"
"1-n211","65","95","0","55","55","85"
"1-n212","70","130","100","55","80","65"
"1-n212m","70","150","140","65","100","75"
"1-n213","20","10","230","10","230","5"
"1-n214","80","125","75","40","95","85"
"1-n214m","80","185","115","40","105","75"
"1-n215","55","95","55","35","75","115"
"1-n216","60","80","50","50","50","40"
"1-n217","90","130","75","75","75","55"
"1-n218","40","40","40","70","40","20"
"1-n219","0","50","120","0","80","30"
"1-n220","50","50","40","30","30","50"
"1-n221","100","100","80","60","60","50"
"1-n222","0","55","0","65","0","35"
"1-n223","35","65","35","65","35","65"
"1-n224","75","105","75","105","75","45"
"1-n225","45","55","45","65","45","75"
"1-n226","0","40","70","80","140","70"
"1-n227","65","80","140","40","70","70"
"1-n228","45","60","30","80","50","65"
"1-n229","75","90","50","110","80","95"
"1-n229m","75","90","90","140","90","115"
"1-n230","75","95","95","95","95","85"
"1-n231","90","60","60","40","40","40"
"1-n232","90","120","120","60","60","50"
"1-n233","85","80","90","105","95","60"
"1-n234","73","95","62","85","65","85"
"1-n235","55","20","35","20","45","75"
"1-n236","35","35","35","35","35","35"
"1-n237","50","95","95","35","110","70"
"1-n238","45","30","15","85","65","65"
"1-n239","45","63","37","65","55","95"
"1-n240","45","75","37","70","55","83"
"1-n241","95","80","105","40","70","100"
"1-n242","255","10","10","75","135","55"
"1-n243","90","85","75","115","100","115"
"1-n244","115","115","85","90","75","100"
"1-n245","100","75","115","90","115","85"
"1-n246","50","64","50","45","50","41"
"1-n247","70","84","70","65","70","51"
"1-n248","100","134","110","95","100","61"
"1-n248m","100","164","150","95","120","71"
"1-n249","106","90","130","90","154","110"
"1-n250","106","130","90","110","154","90"
"1-n251","100","100","100","100","100","100"
"1-n252","40","45","35","65","55","70"
"1-n253","50","65","45","85","65","95"
"1-n254","70","85","65","105","85","120"
"1-n254m","70","110","75","145","85","145"
"1-n255","45","60","40","70","50","45"
"1-n256","60","85","60","85","60","55"
"1-n257","80","120","70","110","70","80"
"1-n257m","80","160","80","130","80","100"
"1-n258","50","70","50","50","50","40"
"1-n259","70","85","70","60","70","50"
"1-n260","100","110","90","85","90","60"
"1-n260m","100","150","110","95","110","70"
"1-n261","35","55","35","30","30","35"
"1-n262","70","90","70","60","60","70"
"1-n263","38","30","41","30","41","60"
"1-n264","78","70","61","50","61","100"
"1-n265","45","45","35","20","30","20"
"1-n266","50","35","55","25","25","15"
"1-n267","60","70","50","100","50","65"
"1-n268","50","35","55","25","25","15"
"1-n269","60","50","70","50","90","65"
"1-n270","40","30","30","40","50","30"
"1-n271","60","50","50","60","70","50"
"1-n272","80","70","70","90","100","70"
"1-n273","40","40","50","30","30","30"
"1-n274","70","70","40","60","40","60"
"1-n275","90","100","60","90","60","80"
"1-n276","40","55","30","30","30","85"
"1-n277","60","85","60","0","50","125"
"1-n278","40","30","30","55","30","85"
"1-n279","60","50","100","0","70","65"
"1-n280","28","25","25","45","35","40"
"1-n281","38","35","35","65","55","50"
"1-n282","68","65","65","125","115","80"
"1-n282m","68","85","65","165","135","100"
"1-n283","40","30","32","50","52","65"
"1-n284","70","60","62","0","82","0"
"1-n285","60","40","60","40","60","35"
"1-n286","60","130","80","60","60","70"
"1-n287","60","60","60","35","35","30"
"1-n288","80","80","80","55","55","90"
"1-n289","150","160","100","95","65","100"
"1-n290","31","45","90","30","30","40"
"1-n291","61","90","45","50","50","160"
"1-n292","1","90","45","30","30","40"
"1-n293","64","51","23","51","23","28"
"1-n294","84","71","43","71","43","48"
"1-n295","104","91","63","91","73","68"
"1-n296","72","60","30","20","30","25"
"1-n297","144","120","60","40","60","50"
"1-n298","50","20","40","20","40","20"
"1-n299","30","45","135","45","90","30"
"1-n300","50","45","45","35","35","50"
"1-n301","70","65","65","55","55","0"
"1-n302","50","75","75","65","65","50"
"1-n302m","50","85","125","85","115","20"
"1-n303","50","85","85","55","55","50"
"1-n303m","50","105","125","55","95","50"
"1-n304","50","70","100","40","40","30"
"1-n305","60","90","140","50","50","40"
"1-n306","70","110","180","60","60","50"
"1-n306m","70","140","230","60","80","50"
"1-n307","30","40","55","40","55","60"
"1-n308","60","60","75","60","75","80"
"1-n308m","60","100","85","80","85","100"
"1-n309","40","45","40","65","40","65"
"1-n310","70","75","60","105","60","105"
"1-n310m","70","75","80","135","80","135"
"1-n311","60","50","40","85","75","95"
"1-n312","60","40","50","75","85","95"
"1-n313","65","73","0","47","0","85"
"1-n314","65","47","0","73","0","85"
"1-n315","50","60","45","100","80","65"
"1-n316","70","43","53","43","53","40"
"1-n317","100","73","83","73","83","55"
"1-n318","45","90","20","65","20","65"
"1-n319","70","120","40","95","40","95"
"1-n319m","70","140","70","110","65","105"
"1-n320","130","70","35","70","35","60"
"1-n321","170","90","45","90","45","60"
"1-n322","60","60","40","65","45","35"
"1-n323","70","100","70","105","75","40"
"1-n323m","70","120","100","145","105","20"
"1-n324","70","85","140","85","70","20"
"1-n325","60","25","35","70","80","60"
"1-n326","80","45","65","90","110","80"
"1-n327","60","60","60","60","60","60"
"1-n328","45","100","45","45","45","10"
"1-n329","50","70","50","50","50","70"
"1-n330","80","100","80","80","80","100"
"1-n331","50","85","40","85","40","35"
"1-n332","70","115","60","115","60","55"
"1-n333","45","40","60","40","75","50"
"1-n334","75","70","90","70","105","80"
"1-n334m","75","110","110","110","105","80"
"1-n335","73","115","60","60","60","90"
"1-n336","73","100","60","100","60","65"
"1-n337","0","55","65","95","85","70"
"1-n338","0","95","85","55","65","70"
"1-n339","50","48","43","46","41","60"
"1-n340","110","78","73","76","71","60"
"1-n341","43","80","65","50","35","35"
"1-n342","63","120","85","90","55","55"
"1-n343","40","40","55","40","70","55"
"1-n344","60","70","105","70","120","75"
"1-n345","66","41","77","61","87","23"
"1-n346","86","81","97","81","107","43"
"1-n347","45","95","50","40","50","75"
"1-n348","75","125","100","70","80","45"
"1-n349","20","15","20","10","55","80"
"1-n350","95","60","79","100","125","81"
"1-n351","70","70","70","70","70","70"
"1-n352","60","90","70","60","120","40"
"1-n353","44","75","35","63","33","45"
"1-n354","64","115","65","83","63","65"
"1-n354m","64","165","75","93","83","75"
"1-n355","20","40","90","30","90","25"
"1-n356","40","70","130","60","130","25"
"1-n357","99","68","83","72","87","51"
"1-n358","0","50","0","95","0","65"
"1-n359","65","130","60","75","60","75"
"1-n359m","65","150","60","115","60","115"
"1-n360","95","23","48","23","48","23"
"1-n361","50","50","50","50","50","50"
"1-n362","80","80","80","80","80","80"
"1-n362m","80","120","80","120","80","100"
"1-n363","70","40","50","55","50","25"
"1-n364","90","60","70","75","70","45"
"1-n365","110","80","90","95","90","65"
"1-n366","35","64","85","74","55","32"
"1-n367","55","104","105","94","75","52"
"1-n368","55","84","105","114","75","52"
"1-n369","100","90","130","45","65","55"
"1-n370","43","30","55","40","65","97"
"1-n371","45","75","60","40","30","50"
"1-n372","65","95","100","60","50","50"
"1-n373","95","135","80","110","80","100"
"1-n373m","95","145","130","120","90","120"
"1-n374","40","55","80","35","60","30"
"1-n375","60","75","100","55","80","50"
"1-n376","80","135","130","95","90","70"
"1-n376m","80","145","150","105","110","110"
"1-n377","80","100","200","50","100","50"
"1-n378","80","50","100","100","200","50"
"1-n379","80","75","150","75","150","50"
"1-n380","80","80","90","110","130","110"
"1-n380m","80","100","120","140","150","110"
"1-n381","80","90","80","130","110","110"
"1-n381m","80","130","100","160","120","110"
"1-n382","100","100","90","150","140","90"
"1-n382p","100","150","90","180","160","90"
"1-n383","100","150","140","100","90","90"
"1-n383p","100","180","160","150","90","90"
"1-n384","105","150","90","150","90","95"
"1-n384m","105","180","100","180","100","115"
"1-n385","100","100","100","100","100","100"
"1-n386","50","150","50","150","50","150"
"1-n386a","50","180","20","180","20","150"
"1-n386d","50","70","160","70","160","90"
"1-n386s","50","95","90","95","90","180"
"1-n387","55","68","64","45","55","31"
"1-n388","75","89","85","55","65","36"
"1-n389","95","109","105","75","85","56"
"1-n390","44","58","44","58","44","61"
"1-n391","64","78","52","78","52","81"
"1-n392","76","104","71","104","71","108"
"1-n393","53","51","53","61","56","40"
"1-n394","64","66","68","81","76","50"
"1-n395","84","86","88","111","101","60"
"1-n396","40","55","30","30","30","60"
"1-n397","55","75","50","40","40","80"
"1-n398","85","120","70","50","60","100"
"1-n399","59","45","40","35","40","31"
"1-n400","79","85","60","55","60","71"
"1-n401","37","25","41","25","41","25"
"1-n402","77","85","51","55","51","65"
"1-n403","45","65","34","40","34","45"
"1-n404","60","85","49","60","49","60"
"1-n405","80","120","79","95","79","70"
"1-n406","40","30","35","50","70","55"
"1-n407","60","70","65","125","105","90"
"1-n408","67","125","40","30","30","58"
"1-n409","97","165","60","65","50","58"
"1-n410","30","42","118","42","88","30"
"1-n411","60","52","168","47","138","30"
"1-n412","40","29","45","29","45","36"
"1-n413","60","59","85","79","105","36"
"1-n413s","60","79","105","59","85","36"
"1-n413d","60","69","95","69","95","36"
"1-n414","70","94","50","94","50","66"
"1-n415","30","30","42","30","42","70"
"1-n416","70","80","102","80","102","40"
"1-n417","60","45","70","45","90","95"
"1-n418","55","65","35","60","30","85"
"1-n419","85","105","55","85","50","115"
"1-n420","45","35","45","62","53","35"
"1-n421","70","60","70","87","78","85"
"1-n422","76","48","48","57","62","34"
"1-n423","111","83","68","92","82","39"
"1-n424","75","100","66","60","66","115"
"1-n425","90","50","34","60","44","70"
"1-n426","150","80","44","90","54","80"
"1-n427","55","66","44","44","56","85"
"1-n428","65","76","84","54","96","105"
"1-n428m","65","136","94","54","96","135"
"1-n429","60","60","60","105","105","105"
"1-n430","100","125","52","105","52","71"
"1-n431","49","55","42","42","37","85"
"1-n432","71","82","64","64","59","112"
"1-n433","45","30","50","65","50","45"
"1-n434","63","63","47","41","41","74"
"1-n435","103","93","67","71","61","84"
"1-n436","57","24","86","24","86","23"
"1-n437","67","89","116","79","116","33"
"1-n438","50","80","95","10","45","10"
"1-n439","20","25","45","70","90","60"
"1-n440","100","5","5","15","65","30"
"1-n441","76","65","45","92","42","91"
"1-n442","50","92","108","92","108","35"
"1-n443","58","70","45","40","45","42"
"1-n444","68","90","65","50","55","82"
"1-n445","108","130","95","80","85","102"
"1-n445m","108","170","115","120","95","92"
"1-n446","135","85","40","40","85","5"
"1-n447","40","70","40","35","40","60"
"1-n448","70","110","70","115","70","90"
"1-n448m","70","145","88","140","70","112"
"1-n449","68","72","78","38","42","32"
"1-n450","108","112","118","68","72","47"
"1-n451","40","50","90","30","55","65"
"1-n452","70","90","110","60","75","95"
"1-n453","48","61","40","61","40","50"
"1-n454","83","106","65","86","65","85"
"1-n455","74","100","72","90","72","46"
"1-n456","49","49","56","49","61","66"
"1-n457","69","69","76","69","86","91"
"1-n458","45","20","50","60","120","50"
"1-n459","60","62","50","62","60","40"
"1-n460","90","92","75","92","85","60"
"1-n460m","90","132","105","132","105","30"
"1-n461","70","120","65","45","85","125"
"1-n462","70","70","115","130","90","60"
"1-n463","110","85","95","80","95","50"
"1-n464","115","140","130","55","55","40"
"1-n465","100","100","125","110","50","50"
"1-n466","75","123","67","95","85","95"
"1-n467","75","95","67","125","95","83"
"1-n468","85","50","95","120","115","80"
"1-n469","86","76","86","116","56","95"
"1-n470","65","110","130","60","65","95"
"1-n471","65","60","110","130","95","65"
"1-n472","75","95","125","45","75","95"
"1-n473","110","130","80","70","60","80"
"1-n474","85","80","70","135","75","90"
"1-n475","68","125","65","65","115","80"
"1-n475m","68","165","95","65","115","110"
"1-n476","60","55","145","75","150","40"
"1-n477","45","100","135","65","135","45"
"1-n478","70","80","70","80","70","110"
"1-n479","50","50","77","95","77","91"
"1-n479h","50","65","107","105","107","86"
"1-n479w","50","65","107","105","107","86"
"1-n479f","50","65","107","105","107","86"
"1-n479s","50","65","107","105","107","86"
"1-n479c","50","65","107","105","107","86"
"1-n480","75","75","130","75","130","95"
"1-n481","80","105","105","105","105","80"
"1-n482","75","125","70","125","70","115"
"1-n483","100","120","120","150","100","90"
"1-n484","90","120","100","150","120","100"
"1-n485","91","90","106","130","106","77"
"1-n486","110","160","110","80","110","100"
"1-n487","150","100","120","100","120","90"
"1-n487o","150","120","100","120","100","90"
"1-n488","120","70","120","75","130","85"
"1-n489","80","80","80","80","80","80"
"1-n490","100","100","100","100","100","100"
"1-n491","70","90","90","135","90","125"
"1-n492","100","100","100","100","100","100"
"1-n492s","100","103","75","120","75","127"
"1-n493","120","120","120","120","120","120"
"1-n494","100","100","100","100","100","100"
"1-n495","45","45","55","45","55","63"
"1-n496","60","60","75","60","75","83"
"1-n497","75","75","95","75","95","113"
"1-n498","65","63","45","45","45","45"
"1-n499","90","93","55","70","55","55"
"1-n500","110","123","65","100","65","65"
"1-n501","55","55","45","63","45","45"
"1-n502","75","75","60","83","60","60"
"1-n503","95","100","85","108","70","70"
"1-n504","45","55","39","35","39","42"
"1-n505","60","85","69","60","69","77"
"1-n506","45","60","45","25","45","55"
"1-n507","65","80","65","35","65","60"
"1-n508","85","110","90","45","90","80"
"1-n509","41","50","37","50","37","66"
"1-n510","64","88","50","88","50","106"
"1-n511","50","53","48","53","48","64"
"1-n512","75","98","63","98","63","101"
"1-n513","50","53","48","53","48","64"
"1-n514","75","98","63","98","63","101"
"1-n515","50","53","48","53","48","64"
"1-n516","75","98","63","98","63","101"
"1-n517","76","25","45","67","55","24"
"1-n518","116","55","85","107","95","29"
"1-n519","50","55","50","36","30","43"
"1-n520","62","77","62","50","42","65"
"1-n521","80","115","80","65","55","93"
"1-n522","45","60","32","50","32","76"
"1-n523","75","100","63","80","63","116"
"1-n524","55","75","85","25","25","15"
"1-n525","70","105","105","50","40","20"
"1-n526","85","135","130","60","80","25"
"1-n527","0","45","43","55","43","72"
"1-n528","67","57","55","77","55","114"
"1-n529","60","85","40","30","45","68"
"1-n530","110","135","60","50","65","88"
"1-n531","103","60","86","60","86","50"
"1-n531m","103","60","126","80","126","50"
"1-n532","75","80","55","25","35","35"
"1-n533","85","105","85","40","50","40"
"1-n534","105","140","95","55","65","45"
"1-n535","50","50","40","50","40","64"
"1-n536","75","65","55","65","55","69"
"1-n537","105","95","75","85","75","74"
"1-n538","120","100","85","30","85","45"
"1-n539","75","125","75","30","75","85"
"1-n540","45","53","70","40","60","42"
"1-n541","55","63","90","50","80","42"
"1-n542","75","103","80","70","80","92"
"1-n543","30","45","59","30","39","57"
"1-n544","40","55","99","40","79","47"
"1-n545","60","100","89","55","69","112"
"1-n546","40","27","60","37","50","66"
"1-n547","60","67","85","77","75","116"
"1-n548","45","35","50","70","50","30"
"1-n549","70","60","75","110","75","90"
"1-n550","70","92","65","80","55","98"
"1-n550f","70","92","65","80","55","98"
"1-n551","50","72","35","35","35","65"
"1-n552","60","82","45","45","45","74"
"1-n553","95","117","80","65","70","92"
"1-n554","70","90","45","15","45","50"
"1-n555","105","140","55","30","55","95"
"1-n555f","105","30","105","140","105","55"
"1-n556","75","86","67","106","67","60"
"1-n557","50","65","85","35","35","55"
"1-n558","70","0","125","65","75","45"
"1-n559","50","75","70","35","70","48"
"1-n560","65","90","115","45","115","58"
"1-n561","72","58","80","103","80","97"
"1-n562","38","30","85","55","65","30"
"1-n563","58","50","145","95","105","30"
"1-n564","54","78","103","53","45","22"
"1-n565","74","108","133","83","65","32"
"1-n566","55","112","45","74","45","70"
"1-n567","75","140","65","112","65","110"
"1-n568","50","50","62","40","62","65"
"1-n569","80","95","82","60","82","75"
"1-n570","40","65","40","80","40","65"
"1-n571","60","105","60","120","60","105"
"1-n572","55","50","40","40","40","75"
"1-n573","75","95","60","65","60","115"
"1-n574","45","30","50","55","65","45"
"1-n575","60","45","70","75","85","55"
"1-n576","70","55","95","95","110","65"
"1-n577","45","30","40","105","50","20"
"1-n578","65","40","50","125","60","30"
"1-n579","110","65","75","125","85","30"
"1-n580","62","44","50","44","50","55"
"1-n581","75","87","63","87","63","98"
"1-n582","36","50","50","65","60","44"
"1-n583","51","65","65","80","75","59"
"1-n584","71","95","85","110","95","79"
"1-n585","60","60","50","40","50","75"
"1-n586","80","100","70","60","70","95"
"1-n587","55","75","60","75","60","103"
"1-n588","50","75","45","40","45","60"
"1-n589","70","135","105","60","105","20"
"1-n590","69","55","45","55","55","15"
"1-n591","114","85","70","85","80","30"
"1-n592","55","40","50","65","85","40"
"1-n593","100","60","70","85","105","60"
"1-n594","165","75","80","40","45","65"
"1-n595","50","47","50","57","50","65"
"1-n596","70","77","60","97","60","108"
"1-n597","44","50","91","24","86","10"
"1-n598","74","94","131","54","116","20"
"1-n599","40","55","70","45","60","30"
"1-n600","60","80","95","70","85","50"
"1-n601","60","100","115","70","85","90"
"1-n602","35","55","40","45","40","60"
"1-n603","65","85","70","75","70","40"
"1-n604","85","115","80","105","80","50"
"1-n605","55","55","55","85","55","30"
"1-n606","75","75","75","125","95","40"
"1-n607","50","30","55","65","55","20"
"1-n608","60","40","60","95","60","55"
"1-n609","60","55","90","145","90","80"
"1-n610","46","87","60","30","40","57"
"1-n611","66","117","70","40","50","67"
"1-n612","76","147","90","60","70","97"
"1-n613","55","70","40","60","40","40"
"1-n614","95","0","80","70","80","50"
"1-n615","0","50","0","95","135","105"
"1-n616","50","40","85","40","65","25"
"1-n617","80","70","40","100","60","145"
"1-n618","109","66","84","81","99","32"
"1-n619","45","85","50","55","50","65"
"1-n620","65","125","60","95","60","105"
"1-n621","77","120","90","60","90","48"
"1-n622","59","74","50","35","50","35"
"1-n623","89","124","80","55","80","55"
"1-n624","45","85","70","40","40","60"
"1-n625","65","125","100","60","70","70"
"1-n626","95","110","95","40","95","55"
"1-n627","70","83","50","37","50","60"
"1-n628","100","123","75","57","75","80"
"1-n629","70","55","75","45","65","60"
"1-n630","110","65","105","55","95","80"
"1-n631","85","97","66","105","66","65"
"1-n632","58","109","112","48","48","109"
"1-n633","52","65","50","45","50","38"
"1-n634","72","85","70","65","70","58"
"1-n635","92","105","90","125","90","98"
"1-n636","55","85","55","50","55","60"
"1-n637","85","60","65","135","105","100"
"1-n638","91","90","129","90","72","108"
"1-n639","91","129","90","72","90","108"
"1-n640","91","90","72","90","129","108"
"1-n641","79","115","70","125","80","111"
"1-n641a","79","100","80","110","90","121"
"1-n642","79","115","70","125","80","111"
"1-n642a","79","105","70","145","80","101"
"1-n643","100","120","100","150","120","90"
"1-n644","100","150","120","120","100","90"
"1-n645","89","125","90","115","80","101"
"1-n645a","89","145","90","105","80","91"
"1-n646","125","130","90","130","90","95"
"1-n646w","125","120","90","170","100","95"
"1-n646b","125","170","100","120","90","95"
"1-n647","91","72","90","129","90","108"
"1-n647k","91","72","90","129","90","108"
"1-n648","100","77","77","128","128","90"
"1-n648f","100","128","90","77","77","128"
"1-n649","71","120","95","120","95","99"
"1-n650","56","61","65","48","45","38"
"1-n651","61","78","95","56","58","57"
"1-n652","88","107","122","74","75","64"
"1-n653","40","45","40","62","60","60"
"1-n654","59","59","58","90","70","73"
"1-n655","75","69","72","114","100","104"
"1-n656","41","56","40","62","44","71"
"1-n657","54","63","52","83","56","97"
"1-n658","72","95","67","103","71","122"
"1-n658f","72","145","67","153","71","132"
"1-n659","38","36","38","32","36","57"
"1-n660","85","56","77","50","77","78"
"1-n661","45","50","43","40","38","62"
"1-n662","62","73","55","56","52","84"
"1-n663","78","81","71","74","69","126"
"1-n664","38","35","40","27","25","35"
"1-n665","45","22","60","27","30","29"
"1-n666","80","52","50","90","50","89"
"1-n667","62","50","58","73","54","72"
"1-n668","86","68","72","109","66","106"
"1-n669","44","38","39","61","79","42"
"1-n670","54","45","47","75","98","52"
"1-n671","78","65","68","112","154","75"
"1-n672","66","65","48","62","57","52"
"1-n673","123","100","62","97","81","68"
"1-n674","67","82","62","46","48","43"
"1-n675","95","124","78","69","71","58"
"1-n676","75","80","60","65","90","102"
"1-n677","62","48","54","63","60","68"
"1-n678","74","48","76","83","81","104"
"1-n678f","74","48","76","83","81","104"
"1-n679","45","80","100","35","37","28"
"1-n680","59","110","150","45","49","35"
"1-n681","60","50","150","50","150","60"
"1-n681b","60","150","50","150","50","60"
"1-n682","78","52","60","63","65","23"
"1-n683","101","72","72","99","89","29"
"1-n684","62","48","66","59","57","49"
"1-n685","82","80","86","85","75","72"
"1-n686","53","54","53","37","46","45"
"1-n687","86","92","88","68","75","73"
"1-n688","42","52","67","39","56","50"
"1-n689","72","105","115","54","86","68"
"1-n690","50","60","60","60","60","30"
"1-n691","65","75","90","97","123","44"
"1-n692","50","53","62","58","63","44"
"1-n693","71","73","88","120","89","59"
"1-n694","44","38","33","61","43","70"
"1-n695","62","55","52","109","94","109"
"1-n696","58","89","77","45","45","48"
"1-n697","82","121","119","69","59","71"
"1-n698","77","59","50","67","63","46"
"1-n699","123","77","72","99","92","58"
"1-n700","95","65","65","110","130","60"
"1-n701","78","92","75","74","63","118"
"1-n702","67","58","57","81","67","101"
"1-n703","50","50","150","50","150","50"
"1-n704","45","50","35","55","75","40"
"1-n705","68","75","53","83","113","60"
"1-n706","90","100","70","110","150","80"
"1-n707","57","80","91","80","87","75"
"1-n708","43","70","48","50","60","38"
"1-n709","85","110","76","65","82","56"
"1-n710","49","66","70","44","55","51"
"1-n710s","44","66","70","44","55","56"
"1-n710l","54","66","70","44","55","46"
"1-n710k","59","66","70","44","55","41"
"1-n711","65","90","122","58","75","84"
"1-n711s","55","85","122","58","75","99"
"1-n711l","75","95","122","58","75","69"
"1-n711k","85","100","122","58","75","54"
"1-n712","55","69","85","32","35","28"
"1-n713","95","117","184","44","46","28"
"1-n714","40","30","35","45","40","55"
"1-n715","85","70","80","97","80","123"
"1-n716","126","131","95","131","98","99"
"1-n717","126","131","95","131","98","99"
"1-n718","108","100","121","81","95","95"
"1-n718t","54","100","71","61","85","115"
"1-n718c","216","100","121","91","95","85"
"1-n719","50","100","150","100","150","50"
"1-n719m","50","160","110","160","110","110"
"1-n720","80","110","60","150","130","70"
"1-n720u","80","160","60","170","130","80"
"1-n721","80","110","120","130","90","70"
"1-n722","68","55","55","50","50","42"
"1-n723","78","75","75","70","70","52"
"1-n724","78","107","75","100","100","70"
"1-n725","45","65","40","60","40","70"
"1-n726","65","85","50","80","50","90"
"1-n727","95","115","90","80","90","60"
"1-n728","50","54","54","66","56","40"
"1-n729","60","69","69","91","81","50"
"1-n730","80","74","74","126","116","60"
"1-n731","35","75","30","30","30","65"
"1-n732","55","85","50","40","50","75"
"1-n733","80","120","75","75","75","60"
"1-n734","48","70","30","30","30","45"
"1-n735","88","110","60","55","60","45"
"1-n736","47","62","45","55","45","46"
"1-n737","57","82","95","55","75","36"
"1-n738","77","70","90","145","75","43"
"1-n739","47","82","57","42","47","63"
"1-n740","97","132","77","62","67","43"
"1-n741","75","70","70","98","70","93"
"1-n741p","75","70","70","98","70","93"
"1-n741f","75","70","70","98","70","93"
"1-n741m","75","70","70","98","70","93"
"1-n742","40","45","40","55","40","84"
"1-n743","60","55","60","95","70","124"
"1-n744","45","65","40","30","40","60"
"1-n745","75","115","65","55","65","112"
"1-n745f","85","115","75","55","75","82"
"1-n745d","75","117","65","55","65","110"
"1-n746","45","20","20","25","25","40"
"1-n746f","45","140","130","140","135","30"
"1-n747","50","53","62","43","52","45"
"1-n748","50","63","152","53","142","35"
"1-n749","70","100","70","45","55","45"
"1-n750","100","125","100","55","85","35"
"1-n751","38","40","52","40","72","27"
"1-n752","68","70","92","50","132","42"
"1-n753","40","55","35","50","35","35"
"1-n754","70","105","90","80","90","45"
"1-n755","40","35","55","65","75","15"
"1-n756","60","45","80","90","100","30"
"1-n757","48","44","40","71","40","77"
"1-n758","68","64","60","111","60","117"
"1-n759","70","75","50","45","50","50"
"1-n760","120","125","80","55","60","60"
"1-n761","42","30","38","30","38","32"
"1-n762","52","40","48","40","48","62"
"1-n763","72","120","98","50","98","72"
"1-n764","51","52","90","82","110","100"
"1-n765","90","60","80","90","110","60"
"1-n766","100","120","90","40","60","80"
"1-n767","25","35","40","20","30","80"
"1-n768","75","125","140","60","90","40"
"1-n769","55","55","80","70","45","15"
"1-n770","85","75","110","100","75","35"
"1-n771","55","60","130","30","130","5"
"1-n772","95","95","95","95","95","59"
"1-n773","95","95","95","95","95","95"
"1-n773a","95","95","95","95","95","95"
"1-n773b","95","95","95","95","95","95"
"1-n773c","95","95","95","95","95","95"
"1-n773d","95","95","95","95","95","95"
"1-n773e","95","95","95","95","95","95"
"1-n773f","95","95","95","95","95","95"
"1-n773g","95","95","95","95","95","95"
"1-n773h","95","95","95","95","95","95"
"1-n773i","95","95","95","95","95","95"
"1-n773j","95","95","95","95","95","95"
"1-n773k","95","95","95","95","95","95"
"1-n773l","95","95","95","95","95","95"
"1-n773m","95","95","95","95","95","95"
"1-n773n","95","95","95","95","95","95"
"1-n773o","95","95","95","95","95","95"
"1-n773p","95","95","95","95","95","95"
"1-n773q","95","95","95","95","95","95"
"1-n774","60","60","100","60","100","60"
"1-n774f","60","100","60","100","60","120"
"1-n775","65","115","65","75","95","65"
"1-n776","60","78","135","91","85","36"
"1-n777","65","98","63","40","73","96"
"1-n778","55","90","80","50","105","96"
"1-n779","68","105","70","70","70","92"
"1-n780","78","60","85","135","91","36"
"1-n781","70","131","100","86","90","40"
"1-n782","45","55","65","45","45","45"
"1-n783","55","75","90","65","70","65"
"1-n784","75","110","125","100","105","85"
"1-n785","70","115","85","95","75","130"
"1-n786","70","85","75","130","115","95"
"1-n787","70","130","115","85","95","75"
"1-n788","70","75","115","95","130","85"
"1-n789","43","29","31","29","31","37"
"1-n790","43","29","131","29","131","37"
"1-n791","137","137","107","113","89","97"
"1-n792","137","113","89","137","107","97"
"1-n793","109","53","47","127","131","103"
"1-n794","107","139","139","53","53","79"
"1-n795","71","137","37","137","37","151"
"1-n796","83","89","71","173","71","83"
"1-n797","97","101","103","107","101","61"
"1-n798","59","181","131","59","31","109"
"1-n799","223","101","53","97","53","43"
"1-n800","97","107","101","127","89","79"
"1-n800s","97","157","127","113","109","77"
"1-n800m","97","113","109","157","127","77"
"1-n800u","97","167","97","167","97","129"
"1-n801","80","95","115","130","115","65"
"1-n802","90","125","80","90","90","125"
"1-n803","67","73","67","73","67","73"
"1-n804","73","73","73","127","73","121"
"1-n805","61","131","211","53","101","13"
"1-n806","53","127","53","151","79","107"
"1-n807","88","112","75","102","80","143"
